method,seed,corruption,severity,accuracy
baseline,42,brightness,1,76.12
baseline,42,brightness,2,75.12
baseline,42,brightness,3,73.47
baseline,42,brightness,4,71.69
baseline,42,brightness,5,64.45
baseline,42,contrast,1,74.93
baseline,42,contrast,2,67.14
baseline,42,contrast,3,59.08
baseline,42,contrast,4,46.43
baseline,42,contrast,5,17.07
baseline,42,defocus_blur,1,76.05
baseline,42,defocus_blur,2,72.53
baseline,42,defocus_blur,3,62.53
baseline,42,defocus_blur,4,50.42
baseline,42,defocus_blur,5,31.82
baseline,42,elastic_transform,1,67.34
baseline,42,elastic_transform,2,66.96
baseline,42,elastic_transform,3,61.07
baseline,42,elastic_transform,4,57.01
baseline,42,elastic_transform,5,50.52
baseline,42,fog,1,75.59
baseline,42,fog,2,72.15
baseline,42,fog,3,67.6
baseline,42,fog,4,60.48
baseline,42,fog,5,37.34
baseline,42,frost,1,65.28
baseline,42,frost,2,54.92
baseline,42,frost,3,43.07
baseline,42,frost,4,41.68
baseline,42,frost,5,32.14
baseline,42,gaussian_noise,1,44.21
baseline,42,gaussian_noise,2,26.05
baseline,42,gaussian_noise,3,15.23
baseline,42,gaussian_noise,4,11.99
baseline,42,gaussian_noise,5,9.94
baseline,42,glass_blur,1,20.46
baseline,42,glass_blur,2,22.06
baseline,42,glass_blur,3,25.86
baseline,42,glass_blur,4,15.2
baseline,42,glass_blur,5,18.99
baseline,42,impulse_noise,1,54.64
baseline,42,impulse_noise,2,33.11
baseline,42,impulse_noise,3,20.5
baseline,42,impulse_noise,4,9.9
baseline,42,impulse_noise,5,6.45
baseline,42,jpeg_compression,1,61.5
baseline,42,jpeg_compression,2,54.41
baseline,42,jpeg_compression,3,51.61
baseline,42,jpeg_compression,4,48.79
baseline,42,jpeg_compression,5,44.18
baseline,42,motion_blur,1,66.81
baseline,42,motion_blur,2,57.82
baseline,42,motion_blur,3,49.54
baseline,42,motion_blur,4,49.6
baseline,42,motion_blur,5,41.51
baseline,42,pixelate,1,72.21
baseline,42,pixelate,2,63.5
baseline,42,pixelate,3,57.62
baseline,42,pixelate,4,40.41
baseline,42,pixelate,5,24.01
baseline,42,shot_noise,1,55.61
baseline,42,shot_noise,2,42.58
baseline,42,shot_noise,3,22.35
baseline,42,shot_noise,4,16.72
baseline,42,shot_noise,5,11.59
baseline,42,snow,1,66.96
baseline,42,snow,2,48.53
baseline,42,snow,3,53.97
baseline,42,snow,4,51.75
baseline,42,snow,5,43.32
baseline,42,zoom_blur,1,64.26
baseline,42,zoom_blur,2,59.55
baseline,42,zoom_blur,3,52.43
baseline,42,zoom_blur,4,46.07
baseline,42,zoom_blur,5,38.12
baseline,43,brightness,1,75.63
baseline,43,brightness,2,74.87
baseline,43,brightness,3,73.21
baseline,43,brightness,4,71.09
baseline,43,brightness,5,65.18
baseline,43,contrast,1,74.53
baseline,43,contrast,2,68.03
baseline,43,contrast,3,60.6
baseline,43,contrast,4,48.02
baseline,43,contrast,5,17.43
baseline,43,defocus_blur,1,75.51
baseline,43,defocus_blur,2,72.03
baseline,43,defocus_blur,3,61.97
baseline,43,defocus_blur,4,50.04
baseline,43,defocus_blur,5,32.46
baseline,43,elastic_transform,1,66.85
baseline,43,elastic_transform,2,67.02
baseline,43,elastic_transform,3,60.87
baseline,43,elastic_transform,4,56.57
baseline,43,elastic_transform,5,50.68
baseline,43,fog,1,75.04
baseline,43,fog,2,71.97
baseline,43,fog,3,68.17
baseline,43,fog,4,61.42
baseline,43,fog,5,39.37
baseline,43,frost,1,64.66
baseline,43,frost,2,55.64
baseline,43,frost,3,43.61
baseline,43,frost,4,42.72
baseline,43,frost,5,33.12
baseline,43,gaussian_noise,1,45.06
baseline,43,gaussian_noise,2,27.03
baseline,43,gaussian_noise,3,16.83
baseline,43,gaussian_noise,4,13.82
baseline,43,gaussian_noise,5,11.23
baseline,43,glass_blur,1,20.8
baseline,43,glass_blur,2,22.29
baseline,43,glass_blur,3,26.18
baseline,43,glass_blur,4,15.16
baseline,43,glass_blur,5,19.05
baseline,43,impulse_noise,1,54.95
baseline,43,impulse_noise,2,33.18
baseline,43,impulse_noise,3,21.04
baseline,43,impulse_noise,4,10.15
baseline,43,impulse_noise,5,5.92
baseline,43,jpeg_compression,1,61.78
baseline,43,jpeg_compression,2,54.34
baseline,43,jpeg_compression,3,51.67
baseline,43,jpeg_compression,4,48.58
baseline,43,jpeg_compression,5,44.92
baseline,43,motion_blur,1,66.96
baseline,43,motion_blur,2,58.49
baseline,43,motion_blur,3,50.09
baseline,43,motion_blur,4,49.92
baseline,43,motion_blur,5,42.43
baseline,43,pixelate,1,71.88
baseline,43,pixelate,2,63.49
baseline,43,pixelate,3,58.35
baseline,43,pixelate,4,40.32
baseline,43,pixelate,5,24.76
baseline,43,shot_noise,1,55.8
baseline,43,shot_noise,2,43.24
baseline,43,shot_noise,3,23.47
baseline,43,shot_noise,4,18.36
baseline,43,shot_noise,5,12.87
baseline,43,snow,1,66.38
baseline,43,snow,2,48.91
baseline,43,snow,3,54.93
baseline,43,snow,4,51.84
baseline,43,snow,5,44.0
baseline,43,zoom_blur,1,64.21
baseline,43,zoom_blur,2,59.08
baseline,43,zoom_blur,3,52.16
baseline,43,zoom_blur,4,46.45
baseline,43,zoom_blur,5,38.62
baseline,44,brightness,1,76.2
baseline,44,brightness,2,75.24
baseline,44,brightness,3,73.62
baseline,44,brightness,4,71.2
baseline,44,brightness,5,64.18
baseline,44,contrast,1,75.24
baseline,44,contrast,2,67.98
baseline,44,contrast,3,60.4
baseline,44,contrast,4,47.63
baseline,44,contrast,5,16.38
baseline,44,defocus_blur,1,75.82
baseline,44,defocus_blur,2,72.27
baseline,44,defocus_blur,3,61.96
baseline,44,defocus_blur,4,50.96
baseline,44,defocus_blur,5,33.09
baseline,44,elastic_transform,1,67.51
baseline,44,elastic_transform,2,67.06
baseline,44,elastic_transform,3,60.52
baseline,44,elastic_transform,4,56.35
baseline,44,elastic_transform,5,50.06
baseline,44,fog,1,75.76
baseline,44,fog,2,72.15
baseline,44,fog,3,68.44
baseline,44,fog,4,61.33
baseline,44,fog,5,38.29
baseline,44,frost,1,65.13
baseline,44,frost,2,55.64
baseline,44,frost,3,43.54
baseline,44,frost,4,42.1
baseline,44,frost,5,32.63
baseline,44,gaussian_noise,1,44.51
baseline,44,gaussian_noise,2,26.92
baseline,44,gaussian_noise,3,16.22
baseline,44,gaussian_noise,4,13.61
baseline,44,gaussian_noise,5,11.2
baseline,44,glass_blur,1,20.5
baseline,44,glass_blur,2,22.14
baseline,44,glass_blur,3,26.27
baseline,44,glass_blur,4,15.38
baseline,44,glass_blur,5,19.12
baseline,44,impulse_noise,1,54.56
baseline,44,impulse_noise,2,32.84
baseline,44,impulse_noise,3,20.76
baseline,44,impulse_noise,4,9.83
baseline,44,impulse_noise,5,5.74
baseline,44,jpeg_compression,1,62.43
baseline,44,jpeg_compression,2,55.1
baseline,44,jpeg_compression,3,52.13
baseline,44,jpeg_compression,4,49.29
baseline,44,jpeg_compression,5,44.34
baseline,44,motion_blur,1,66.97
baseline,44,motion_blur,2,58.43
baseline,44,motion_blur,3,49.88
baseline,44,motion_blur,4,50.25
baseline,44,motion_blur,5,42.31
baseline,44,pixelate,1,72.43
baseline,44,pixelate,2,64.54
baseline,44,pixelate,3,58.85
baseline,44,pixelate,4,41.21
baseline,44,pixelate,5,23.01
baseline,44,shot_noise,1,55.53
baseline,44,shot_noise,2,42.66
baseline,44,shot_noise,3,23.24
baseline,44,shot_noise,4,18.14
baseline,44,shot_noise,5,12.56
baseline,44,snow,1,67.33
baseline,44,snow,2,49.71
baseline,44,snow,3,56.11
baseline,44,snow,4,52.84
baseline,44,snow,5,45.03
baseline,44,zoom_blur,1,64.39
baseline,44,zoom_blur,2,59.46
baseline,44,zoom_blur,3,52.95
baseline,44,zoom_blur,4,47.01
baseline,44,zoom_blur,5,39.86
cutmix_p05,42,brightness,1,77.8
cutmix_p05,42,brightness,2,76.81
cutmix_p05,42,brightness,3,74.91
cutmix_p05,42,brightness,4,73.04
cutmix_p05,42,brightness,5,65.77
cutmix_p05,42,contrast,1,76.81
cutmix_p05,42,contrast,2,70.16
cutmix_p05,42,contrast,3,63.31
cutmix_p05,42,contrast,4,50.4
cutmix_p05,42,contrast,5,20.05
cutmix_p05,42,defocus_blur,1,77.76
cutmix_p05,42,defocus_blur,2,74.28
cutmix_p05,42,defocus_blur,3,64.26
cutmix_p05,42,defocus_blur,4,52.59
cutmix_p05,42,defocus_blur,5,31.25
cutmix_p05,42,elastic_transform,1,69.31
cutmix_p05,42,elastic_transform,2,68.78
cutmix_p05,42,elastic_transform,3,62.43
cutmix_p05,42,elastic_transform,4,56.15
cutmix_p05,42,elastic_transform,5,49.65
cutmix_p05,42,fog,1,77.35
cutmix_p05,42,fog,2,73.9
cutmix_p05,42,fog,3,69.29
cutmix_p05,42,fog,4,61.88
cutmix_p05,42,fog,5,36.5
cutmix_p05,42,frost,1,65.49
cutmix_p05,42,frost,2,56.0
cutmix_p05,42,frost,3,43.18
cutmix_p05,42,frost,4,42.17
cutmix_p05,42,frost,5,33.05
cutmix_p05,42,gaussian_noise,1,38.72
cutmix_p05,42,gaussian_noise,2,21.13
cutmix_p05,42,gaussian_noise,3,12.13
cutmix_p05,42,gaussian_noise,4,9.78
cutmix_p05,42,gaussian_noise,5,7.78
cutmix_p05,42,glass_blur,1,21.39
cutmix_p05,42,glass_blur,2,23.63
cutmix_p05,42,glass_blur,3,28.13
cutmix_p05,42,glass_blur,4,17.21
cutmix_p05,42,glass_blur,5,20.82
cutmix_p05,42,impulse_noise,1,64.54
cutmix_p05,42,impulse_noise,2,43.13
cutmix_p05,42,impulse_noise,3,25.38
cutmix_p05,42,impulse_noise,4,10.18
cutmix_p05,42,impulse_noise,5,5.08
cutmix_p05,42,jpeg_compression,1,59.64
cutmix_p05,42,jpeg_compression,2,50.76
cutmix_p05,42,jpeg_compression,3,47.36
cutmix_p05,42,jpeg_compression,4,43.1
cutmix_p05,42,jpeg_compression,5,38.87
cutmix_p05,42,motion_blur,1,68.69
cutmix_p05,42,motion_blur,2,59.41
cutmix_p05,42,motion_blur,3,50.1
cutmix_p05,42,motion_blur,4,50.07
cutmix_p05,42,motion_blur,5,42.27
cutmix_p05,42,pixelate,1,73.15
cutmix_p05,42,pixelate,2,63.48
cutmix_p05,42,pixelate,3,55.59
cutmix_p05,42,pixelate,4,29.61
cutmix_p05,42,pixelate,5,12.99
cutmix_p05,42,shot_noise,1,52.75
cutmix_p05,42,shot_noise,2,36.49
cutmix_p05,42,shot_noise,3,17.45
cutmix_p05,42,shot_noise,4,13.41
cutmix_p05,42,shot_noise,5,9.46
cutmix_p05,42,snow,1,71.48
cutmix_p05,42,snow,2,53.7
cutmix_p05,42,snow,3,59.6
cutmix_p05,42,snow,4,55.23
cutmix_p05,42,snow,5,46.21
cutmix_p05,42,zoom_blur,1,66.22
cutmix_p05,42,zoom_blur,2,60.66
cutmix_p05,42,zoom_blur,3,52.26
cutmix_p05,42,zoom_blur,4,44.96
cutmix_p05,42,zoom_blur,5,36.83
cutmix_p05,43,brightness,1,77.66
cutmix_p05,43,brightness,2,76.67
cutmix_p05,43,brightness,3,74.42
cutmix_p05,43,brightness,4,71.56
cutmix_p05,43,brightness,5,63.68
cutmix_p05,43,contrast,1,77.18
cutmix_p05,43,contrast,2,69.86
cutmix_p05,43,contrast,3,62.77
cutmix_p05,43,contrast,4,50.55
cutmix_p05,43,contrast,5,20.3
cutmix_p05,43,defocus_blur,1,77.93
cutmix_p05,43,defocus_blur,2,73.84
cutmix_p05,43,defocus_blur,3,64.02
cutmix_p05,43,defocus_blur,4,51.89
cutmix_p05,43,defocus_blur,5,32.49
cutmix_p05,43,elastic_transform,1,69.2
cutmix_p05,43,elastic_transform,2,68.71
cutmix_p05,43,elastic_transform,3,62.88
cutmix_p05,43,elastic_transform,4,55.91
cutmix_p05,43,elastic_transform,5,49.26
cutmix_p05,43,fog,1,77.58
cutmix_p05,43,fog,2,73.92
cutmix_p05,43,fog,3,69.22
cutmix_p05,43,fog,4,61.49
cutmix_p05,43,fog,5,36.39
cutmix_p05,43,frost,1,66.18
cutmix_p05,43,frost,2,55.5
cutmix_p05,43,frost,3,43.23
cutmix_p05,43,frost,4,42.03
cutmix_p05,43,frost,5,32.88
cutmix_p05,43,gaussian_noise,1,37.88
cutmix_p05,43,gaussian_noise,2,19.5
cutmix_p05,43,gaussian_noise,3,11.11
cutmix_p05,43,gaussian_noise,4,8.78
cutmix_p05,43,gaussian_noise,5,7.26
cutmix_p05,43,glass_blur,1,20.42
cutmix_p05,43,glass_blur,2,21.86
cutmix_p05,43,glass_blur,3,26.4
cutmix_p05,43,glass_blur,4,16.04
cutmix_p05,43,glass_blur,5,19.51
cutmix_p05,43,impulse_noise,1,63.66
cutmix_p05,43,impulse_noise,2,41.1
cutmix_p05,43,impulse_noise,3,24.44
cutmix_p05,43,impulse_noise,4,10.49
cutmix_p05,43,impulse_noise,5,5.6
cutmix_p05,43,jpeg_compression,1,59.02
cutmix_p05,43,jpeg_compression,2,50.23
cutmix_p05,43,jpeg_compression,3,46.76
cutmix_p05,43,jpeg_compression,4,43.13
cutmix_p05,43,jpeg_compression,5,38.97
cutmix_p05,43,motion_blur,1,68.53
cutmix_p05,43,motion_blur,2,59.62
cutmix_p05,43,motion_blur,3,50.67
cutmix_p05,43,motion_blur,4,50.71
cutmix_p05,43,motion_blur,5,42.81
cutmix_p05,43,pixelate,1,73.74
cutmix_p05,43,pixelate,2,63.96
cutmix_p05,43,pixelate,3,56.06
cutmix_p05,43,pixelate,4,31.99
cutmix_p05,43,pixelate,5,14.15
cutmix_p05,43,shot_noise,1,52.02
cutmix_p05,43,shot_noise,2,36.2
cutmix_p05,43,shot_noise,3,17.0
cutmix_p05,43,shot_noise,4,12.78
cutmix_p05,43,shot_noise,5,8.7
cutmix_p05,43,snow,1,71.06
cutmix_p05,43,snow,2,52.43
cutmix_p05,43,snow,3,59.13
cutmix_p05,43,snow,4,54.79
cutmix_p05,43,snow,5,44.11
cutmix_p05,43,zoom_blur,1,65.91
cutmix_p05,43,zoom_blur,2,59.98
cutmix_p05,43,zoom_blur,3,52.91
cutmix_p05,43,zoom_blur,4,46.37
cutmix_p05,43,zoom_blur,5,37.69
cutmix_p05,44,brightness,1,77.99
cutmix_p05,44,brightness,2,77.05
cutmix_p05,44,brightness,3,75.33
cutmix_p05,44,brightness,4,73.35
cutmix_p05,44,brightness,5,66.88
cutmix_p05,44,contrast,1,77.08
cutmix_p05,44,contrast,2,69.72
cutmix_p05,44,contrast,3,62.2
cutmix_p05,44,contrast,4,48.7
cutmix_p05,44,contrast,5,18.99
cutmix_p05,44,defocus_blur,1,78.22
cutmix_p05,44,defocus_blur,2,74.73
cutmix_p05,44,defocus_blur,3,65.0
cutmix_p05,44,defocus_blur,4,52.54
cutmix_p05,44,defocus_blur,5,31.38
cutmix_p05,44,elastic_transform,1,69.54
cutmix_p05,44,elastic_transform,2,69.37
cutmix_p05,44,elastic_transform,3,62.49
cutmix_p05,44,elastic_transform,4,55.89
cutmix_p05,44,elastic_transform,5,49.49
cutmix_p05,44,fog,1,77.77
cutmix_p05,44,fog,2,74.51
cutmix_p05,44,fog,3,69.71
cutmix_p05,44,fog,4,62.26
cutmix_p05,44,fog,5,38.19
cutmix_p05,44,frost,1,66.18
cutmix_p05,44,frost,2,56.36
cutmix_p05,44,frost,3,43.82
cutmix_p05,44,frost,4,41.68
cutmix_p05,44,frost,5,32.39
cutmix_p05,44,gaussian_noise,1,35.66
cutmix_p05,44,gaussian_noise,2,17.92
cutmix_p05,44,gaussian_noise,3,10.64
cutmix_p05,44,gaussian_noise,4,8.53
cutmix_p05,44,gaussian_noise,5,7.06
cutmix_p05,44,glass_blur,1,21.21
cutmix_p05,44,glass_blur,2,22.82
cutmix_p05,44,glass_blur,3,26.52
cutmix_p05,44,glass_blur,4,17.24
cutmix_p05,44,glass_blur,5,20.01
cutmix_p05,44,impulse_noise,1,62.45
cutmix_p05,44,impulse_noise,2,38.71
cutmix_p05,44,impulse_noise,3,21.65
cutmix_p05,44,impulse_noise,4,8.63
cutmix_p05,44,impulse_noise,5,4.24
cutmix_p05,44,jpeg_compression,1,58.89
cutmix_p05,44,jpeg_compression,2,49.79
cutmix_p05,44,jpeg_compression,3,46.2
cutmix_p05,44,jpeg_compression,4,42.43
cutmix_p05,44,jpeg_compression,5,37.4
cutmix_p05,44,motion_blur,1,69.47
cutmix_p05,44,motion_blur,2,59.92
cutmix_p05,44,motion_blur,3,50.15
cutmix_p05,44,motion_blur,4,50.26
cutmix_p05,44,motion_blur,5,41.94
cutmix_p05,44,pixelate,1,73.36
cutmix_p05,44,pixelate,2,63.32
cutmix_p05,44,pixelate,3,55.75
cutmix_p05,44,pixelate,4,30.34
cutmix_p05,44,pixelate,5,13.94
cutmix_p05,44,shot_noise,1,49.79
cutmix_p05,44,shot_noise,2,33.52
cutmix_p05,44,shot_noise,3,15.78
cutmix_p05,44,shot_noise,4,11.92
cutmix_p05,44,shot_noise,5,8.39
cutmix_p05,44,snow,1,71.4
cutmix_p05,44,snow,2,52.45
cutmix_p05,44,snow,3,59.43
cutmix_p05,44,snow,4,55.3
cutmix_p05,44,snow,5,45.32
cutmix_p05,44,zoom_blur,1,66.45
cutmix_p05,44,zoom_blur,2,61.0
cutmix_p05,44,zoom_blur,3,54.07
cutmix_p05,44,zoom_blur,4,47.18
cutmix_p05,44,zoom_blur,5,38.84
cutmix_p1,42,brightness,1,78.45
cutmix_p1,42,brightness,2,77.49
cutmix_p1,42,brightness,3,75.61
cutmix_p1,42,brightness,4,72.99
cutmix_p1,42,brightness,5,66.01
cutmix_p1,42,contrast,1,77.58
cutmix_p1,42,contrast,2,69.89
cutmix_p1,42,contrast,3,62.15
cutmix_p1,42,contrast,4,48.5
cutmix_p1,42,contrast,5,18.05
cutmix_p1,42,defocus_blur,1,78.2
cutmix_p1,42,defocus_blur,2,74.27
cutmix_p1,42,defocus_blur,3,63.94
cutmix_p1,42,defocus_blur,4,52.53
cutmix_p1,42,defocus_blur,5,31.09
cutmix_p1,42,elastic_transform,1,69.7
cutmix_p1,42,elastic_transform,2,68.93
cutmix_p1,42,elastic_transform,3,62.32
cutmix_p1,42,elastic_transform,4,54.34
cutmix_p1,42,elastic_transform,5,46.74
cutmix_p1,42,fog,1,77.85
cutmix_p1,42,fog,2,74.39
cutmix_p1,42,fog,3,69.46
cutmix_p1,42,fog,4,61.74
cutmix_p1,42,fog,5,37.38
cutmix_p1,42,frost,1,65.69
cutmix_p1,42,frost,2,55.09
cutmix_p1,42,frost,3,42.0
cutmix_p1,42,frost,4,41.09
cutmix_p1,42,frost,5,31.12
cutmix_p1,42,gaussian_noise,1,28.78
cutmix_p1,42,gaussian_noise,2,12.99
cutmix_p1,42,gaussian_noise,3,7.41
cutmix_p1,42,gaussian_noise,4,5.88
cutmix_p1,42,gaussian_noise,5,5.23
cutmix_p1,42,glass_blur,1,21.65
cutmix_p1,42,glass_blur,2,23.12
cutmix_p1,42,glass_blur,3,25.87
cutmix_p1,42,glass_blur,4,17.44
cutmix_p1,42,glass_blur,5,19.91
cutmix_p1,42,impulse_noise,1,62.15
cutmix_p1,42,impulse_noise,2,36.77
cutmix_p1,42,impulse_noise,3,20.23
cutmix_p1,42,impulse_noise,4,7.98
cutmix_p1,42,impulse_noise,5,4.63
cutmix_p1,42,jpeg_compression,1,56.02
cutmix_p1,42,jpeg_compression,2,45.96
cutmix_p1,42,jpeg_compression,3,43.11
cutmix_p1,42,jpeg_compression,4,39.32
cutmix_p1,42,jpeg_compression,5,34.81
cutmix_p1,42,motion_blur,1,68.45
cutmix_p1,42,motion_blur,2,59.07
cutmix_p1,42,motion_blur,3,49.73
cutmix_p1,42,motion_blur,4,50.11
cutmix_p1,42,motion_blur,5,41.61
cutmix_p1,42,pixelate,1,73.34
cutmix_p1,42,pixelate,2,61.39
cutmix_p1,42,pixelate,3,52.33
cutmix_p1,42,pixelate,4,25.2
cutmix_p1,42,pixelate,5,11.29
cutmix_p1,42,shot_noise,1,43.81
cutmix_p1,42,shot_noise,2,26.76
cutmix_p1,42,shot_noise,3,10.94
cutmix_p1,42,shot_noise,4,8.4
cutmix_p1,42,shot_noise,5,6.08
cutmix_p1,42,snow,1,72.21
cutmix_p1,42,snow,2,53.9
cutmix_p1,42,snow,3,60.07
cutmix_p1,42,snow,4,55.31
cutmix_p1,42,snow,5,45.33
cutmix_p1,42,zoom_blur,1,66.48
cutmix_p1,42,zoom_blur,2,61.01
cutmix_p1,42,zoom_blur,3,53.95
cutmix_p1,42,zoom_blur,4,46.56
cutmix_p1,42,zoom_blur,5,38.85
cutmix_p1,43,brightness,1,78.26
cutmix_p1,43,brightness,2,76.94
cutmix_p1,43,brightness,3,75.16
cutmix_p1,43,brightness,4,72.64
cutmix_p1,43,brightness,5,64.82
cutmix_p1,43,contrast,1,77.0
cutmix_p1,43,contrast,2,69.39
cutmix_p1,43,contrast,3,61.72
cutmix_p1,43,contrast,4,48.26
cutmix_p1,43,contrast,5,18.99
cutmix_p1,43,defocus_blur,1,78.42
cutmix_p1,43,defocus_blur,2,74.06
cutmix_p1,43,defocus_blur,3,64.05
cutmix_p1,43,defocus_blur,4,53.02
cutmix_p1,43,defocus_blur,5,31.63
cutmix_p1,43,elastic_transform,1,69.49
cutmix_p1,43,elastic_transform,2,68.99
cutmix_p1,43,elastic_transform,3,62.41
cutmix_p1,43,elastic_transform,4,55.64
cutmix_p1,43,elastic_transform,5,47.22
cutmix_p1,43,fog,1,77.83
cutmix_p1,43,fog,2,73.88
cutmix_p1,43,fog,3,69.56
cutmix_p1,43,fog,4,61.7
cutmix_p1,43,fog,5,37.26
cutmix_p1,43,frost,1,65.6
cutmix_p1,43,frost,2,54.62
cutmix_p1,43,frost,3,41.63
cutmix_p1,43,frost,4,40.86
cutmix_p1,43,frost,5,31.52
cutmix_p1,43,gaussian_noise,1,25.68
cutmix_p1,43,gaussian_noise,2,11.75
cutmix_p1,43,gaussian_noise,3,6.73
cutmix_p1,43,gaussian_noise,4,5.76
cutmix_p1,43,gaussian_noise,5,4.91
cutmix_p1,43,glass_blur,1,19.7
cutmix_p1,43,glass_blur,2,20.93
cutmix_p1,43,glass_blur,3,24.25
cutmix_p1,43,glass_blur,4,15.33
cutmix_p1,43,glass_blur,5,18.47
cutmix_p1,43,impulse_noise,1,57.0
cutmix_p1,43,impulse_noise,2,28.36
cutmix_p1,43,impulse_noise,3,13.85
cutmix_p1,43,impulse_noise,4,5.86
cutmix_p1,43,impulse_noise,5,3.36
cutmix_p1,43,jpeg_compression,1,57.27
cutmix_p1,43,jpeg_compression,2,47.84
cutmix_p1,43,jpeg_compression,3,44.29
cutmix_p1,43,jpeg_compression,4,40.86
cutmix_p1,43,jpeg_compression,5,35.94
cutmix_p1,43,motion_blur,1,68.44
cutmix_p1,43,motion_blur,2,58.57
cutmix_p1,43,motion_blur,3,49.43
cutmix_p1,43,motion_blur,4,49.42
cutmix_p1,43,motion_blur,5,41.53
cutmix_p1,43,pixelate,1,73.01
cutmix_p1,43,pixelate,2,62.52
cutmix_p1,43,pixelate,3,53.72
cutmix_p1,43,pixelate,4,27.59
cutmix_p1,43,pixelate,5,12.51
cutmix_p1,43,shot_noise,1,41.21
cutmix_p1,43,shot_noise,2,24.49
cutmix_p1,43,shot_noise,3,10.23
cutmix_p1,43,shot_noise,4,8.1
cutmix_p1,43,shot_noise,5,6.14
cutmix_p1,43,snow,1,70.45
cutmix_p1,43,snow,2,52.33
cutmix_p1,43,snow,3,59.62
cutmix_p1,43,snow,4,55.77
cutmix_p1,43,snow,5,45.31
cutmix_p1,43,zoom_blur,1,66.5
cutmix_p1,43,zoom_blur,2,60.75
cutmix_p1,43,zoom_blur,3,53.18
cutmix_p1,43,zoom_blur,4,46.45
cutmix_p1,43,zoom_blur,5,38.22
cutmix_p1,44,brightness,1,78.59
cutmix_p1,44,brightness,2,77.54
cutmix_p1,44,brightness,3,75.74
cutmix_p1,44,brightness,4,72.97
cutmix_p1,44,brightness,5,65.71
cutmix_p1,44,contrast,1,77.48
cutmix_p1,44,contrast,2,69.51
cutmix_p1,44,contrast,3,62.0
cutmix_p1,44,contrast,4,48.59
cutmix_p1,44,contrast,5,17.96
cutmix_p1,44,defocus_blur,1,78.24
cutmix_p1,44,defocus_blur,2,73.72
cutmix_p1,44,defocus_blur,3,64.17
cutmix_p1,44,defocus_blur,4,52.43
cutmix_p1,44,defocus_blur,5,31.97
cutmix_p1,44,elastic_transform,1,69.32
cutmix_p1,44,elastic_transform,2,68.81
cutmix_p1,44,elastic_transform,3,62.08
cutmix_p1,44,elastic_transform,4,53.67
cutmix_p1,44,elastic_transform,5,47.84
cutmix_p1,44,fog,1,78.21
cutmix_p1,44,fog,2,74.22
cutmix_p1,44,fog,3,68.57
cutmix_p1,44,fog,4,61.04
cutmix_p1,44,fog,5,36.47
cutmix_p1,44,frost,1,66.52
cutmix_p1,44,frost,2,56.48
cutmix_p1,44,frost,3,44.73
cutmix_p1,44,frost,4,43.1
cutmix_p1,44,frost,5,33.52
cutmix_p1,44,gaussian_noise,1,31.25
cutmix_p1,44,gaussian_noise,2,15.64
cutmix_p1,44,gaussian_noise,3,8.75
cutmix_p1,44,gaussian_noise,4,7.26
cutmix_p1,44,gaussian_noise,5,6.23
cutmix_p1,44,glass_blur,1,21.79
cutmix_p1,44,glass_blur,2,22.61
cutmix_p1,44,glass_blur,3,26.48
cutmix_p1,44,glass_blur,4,16.84
cutmix_p1,44,glass_blur,5,20.01
cutmix_p1,44,impulse_noise,1,62.52
cutmix_p1,44,impulse_noise,2,39.27
cutmix_p1,44,impulse_noise,3,22.54
cutmix_p1,44,impulse_noise,4,8.61
cutmix_p1,44,impulse_noise,5,4.75
cutmix_p1,44,jpeg_compression,1,57.36
cutmix_p1,44,jpeg_compression,2,48.17
cutmix_p1,44,jpeg_compression,3,44.46
cutmix_p1,44,jpeg_compression,4,41.3
cutmix_p1,44,jpeg_compression,5,36.64
cutmix_p1,44,motion_blur,1,68.18
cutmix_p1,44,motion_blur,2,58.99
cutmix_p1,44,motion_blur,3,49.38
cutmix_p1,44,motion_blur,4,49.6
cutmix_p1,44,motion_blur,5,41.72
cutmix_p1,44,pixelate,1,73.82
cutmix_p1,44,pixelate,2,62.59
cutmix_p1,44,pixelate,3,54.01
cutmix_p1,44,pixelate,4,27.09
cutmix_p1,44,pixelate,5,11.73
cutmix_p1,44,shot_noise,1,45.6
cutmix_p1,44,shot_noise,2,29.19
cutmix_p1,44,shot_noise,3,13.1
cutmix_p1,44,shot_noise,4,9.88
cutmix_p1,44,shot_noise,5,7.29
cutmix_p1,44,snow,1,71.78
cutmix_p1,44,snow,2,54.07
cutmix_p1,44,snow,3,61.08
cutmix_p1,44,snow,4,57.05
cutmix_p1,44,snow,5,46.5
cutmix_p1,44,zoom_blur,1,66.22
cutmix_p1,44,zoom_blur,2,61.25
cutmix_p1,44,zoom_blur,3,54.46
cutmix_p1,44,zoom_blur,4,47.77
cutmix_p1,44,zoom_blur,5,40.09
