seed,corruption,severity,accuracy_p05,accuracy_control,control,delta
42,brightness,1,77.8,76.12,baseline,1.6799999999999926
42,brightness,2,76.81,75.12,baseline,1.6899999999999977
42,brightness,3,74.91,73.47,baseline,1.4399999999999977
42,brightness,4,73.04,71.69,baseline,1.3500000000000085
42,brightness,5,65.77,64.45,baseline,1.3199999999999932
42,contrast,1,76.81,74.93,baseline,1.8799999999999955
42,contrast,2,70.16,67.14,baseline,3.019999999999996
42,contrast,3,63.31,59.08,baseline,4.230000000000004
42,contrast,4,50.4,46.43,baseline,3.969999999999999
42,contrast,5,20.05,17.07,baseline,2.9800000000000004
42,defocus_blur,1,77.76,76.05,baseline,1.710000000000008
42,defocus_blur,2,74.28,72.53,baseline,1.75
42,defocus_blur,3,64.26,62.53,baseline,1.730000000000004
42,defocus_blur,4,52.59,50.42,baseline,2.1700000000000017
42,defocus_blur,5,31.25,31.82,baseline,-0.5700000000000003
42,elastic_transform,1,69.31,67.34,baseline,1.9699999999999989
42,elastic_transform,2,68.78,66.96,baseline,1.8200000000000074
42,elastic_transform,3,62.43,61.07,baseline,1.3599999999999994
42,elastic_transform,4,56.15,57.01,baseline,-0.8599999999999994
42,elastic_transform,5,49.65,50.52,baseline,-0.8700000000000045
42,fog,1,77.35,75.59,baseline,1.759999999999991
42,fog,2,73.9,72.15,baseline,1.75
42,fog,3,69.29,67.6,baseline,1.690000000000012
42,fog,4,61.88,60.48,baseline,1.4000000000000057
42,fog,5,36.5,37.34,baseline,-0.8400000000000034
42,frost,1,65.49,65.28,baseline,0.20999999999999375
42,frost,2,56.0,54.92,baseline,1.0799999999999983
42,frost,3,43.18,43.07,baseline,0.10999999999999943
42,frost,4,42.17,41.68,baseline,0.490000000000002
42,frost,5,33.05,32.14,baseline,0.9099999999999966
42,gaussian_noise,1,38.72,44.21,baseline,-5.490000000000002
42,gaussian_noise,2,21.13,26.05,baseline,-4.920000000000002
42,gaussian_noise,3,12.13,15.23,baseline,-3.0999999999999996
42,gaussian_noise,4,9.78,11.99,baseline,-2.210000000000001
42,gaussian_noise,5,7.78,9.94,baseline,-2.1599999999999993
42,glass_blur,1,21.39,20.46,baseline,0.9299999999999997
42,glass_blur,2,23.63,22.06,baseline,1.5700000000000003
42,glass_blur,3,28.13,25.86,baseline,2.2699999999999996
42,glass_blur,4,17.21,15.2,baseline,2.0100000000000016
42,glass_blur,5,20.82,18.99,baseline,1.8300000000000018
42,impulse_noise,1,64.54,54.64,baseline,9.900000000000006
42,impulse_noise,2,43.13,33.11,baseline,10.020000000000003
42,impulse_noise,3,25.38,20.5,baseline,4.879999999999999
42,impulse_noise,4,10.18,9.9,baseline,0.27999999999999936
42,impulse_noise,5,5.08,6.45,baseline,-1.37
42,jpeg_compression,1,59.64,61.5,baseline,-1.8599999999999994
42,jpeg_compression,2,50.76,54.41,baseline,-3.6499999999999986
42,jpeg_compression,3,47.36,51.61,baseline,-4.25
42,jpeg_compression,4,43.1,48.79,baseline,-5.689999999999998
42,jpeg_compression,5,38.87,44.18,baseline,-5.310000000000002
42,motion_blur,1,68.69,66.81,baseline,1.8799999999999955
42,motion_blur,2,59.41,57.82,baseline,1.5899999999999963
42,motion_blur,3,50.1,49.54,baseline,0.5600000000000023
42,motion_blur,4,50.07,49.6,baseline,0.46999999999999886
42,motion_blur,5,42.27,41.51,baseline,0.7600000000000051
42,pixelate,1,73.15,72.21,baseline,0.9400000000000119
42,pixelate,2,63.48,63.5,baseline,-0.020000000000003126
42,pixelate,3,55.59,57.62,baseline,-2.029999999999994
42,pixelate,4,29.61,40.41,baseline,-10.799999999999997
42,pixelate,5,12.99,24.01,baseline,-11.020000000000001
42,shot_noise,1,52.75,55.61,baseline,-2.8599999999999994
42,shot_noise,2,36.49,42.58,baseline,-6.089999999999996
42,shot_noise,3,17.45,22.35,baseline,-4.900000000000002
42,shot_noise,4,13.41,16.72,baseline,-3.3099999999999987
42,shot_noise,5,9.46,11.59,baseline,-2.129999999999999
42,snow,1,71.48,66.96,baseline,4.52000000000001
42,snow,2,53.7,48.53,baseline,5.170000000000002
42,snow,3,59.6,53.97,baseline,5.630000000000003
42,snow,4,55.23,51.75,baseline,3.479999999999997
42,snow,5,46.21,43.32,baseline,2.8900000000000006
42,zoom_blur,1,66.22,64.26,baseline,1.9599999999999937
42,zoom_blur,2,60.66,59.55,baseline,1.1099999999999994
42,zoom_blur,3,52.26,52.43,baseline,-0.1700000000000017
42,zoom_blur,4,44.96,46.07,baseline,-1.1099999999999994
42,zoom_blur,5,36.83,38.12,baseline,-1.2899999999999991
43,brightness,1,77.66,75.63,baseline,2.030000000000001
43,brightness,2,76.67,74.87,baseline,1.7999999999999972
43,brightness,3,74.42,73.21,baseline,1.210000000000008
43,brightness,4,71.56,71.09,baseline,0.46999999999999886
43,brightness,5,63.68,65.18,baseline,-1.500000000000007
43,contrast,1,77.18,74.53,baseline,2.6500000000000057
43,contrast,2,69.86,68.03,baseline,1.8299999999999983
43,contrast,3,62.77,60.6,baseline,2.1700000000000017
43,contrast,4,50.55,48.02,baseline,2.529999999999994
43,contrast,5,20.3,17.43,baseline,2.870000000000001
43,defocus_blur,1,77.93,75.51,baseline,2.4200000000000017
43,defocus_blur,2,73.84,72.03,baseline,1.8100000000000023
43,defocus_blur,3,64.02,61.97,baseline,2.049999999999997
43,defocus_blur,4,51.89,50.04,baseline,1.8500000000000014
43,defocus_blur,5,32.49,32.46,baseline,0.030000000000001137
43,elastic_transform,1,69.2,66.85,baseline,2.3500000000000085
43,elastic_transform,2,68.71,67.02,baseline,1.6899999999999977
43,elastic_transform,3,62.88,60.87,baseline,2.010000000000005
43,elastic_transform,4,55.91,56.57,baseline,-0.6600000000000037
43,elastic_transform,5,49.26,50.68,baseline,-1.4200000000000017
43,fog,1,77.58,75.04,baseline,2.539999999999992
43,fog,2,73.92,71.97,baseline,1.9500000000000028
43,fog,3,69.22,68.17,baseline,1.0499999999999972
43,fog,4,61.49,61.42,baseline,0.07000000000000028
43,fog,5,36.39,39.37,baseline,-2.979999999999997
43,frost,1,66.18,64.66,baseline,1.5200000000000102
43,frost,2,55.5,55.64,baseline,-0.14000000000000057
43,frost,3,43.23,43.61,baseline,-0.38000000000000256
43,frost,4,42.03,42.72,baseline,-0.6899999999999977
43,frost,5,32.88,33.12,baseline,-0.23999999999999488
43,gaussian_noise,1,37.88,45.06,baseline,-7.18
43,gaussian_noise,2,19.5,27.03,baseline,-7.530000000000001
43,gaussian_noise,3,11.11,16.83,baseline,-5.719999999999999
43,gaussian_noise,4,8.78,13.82,baseline,-5.040000000000001
43,gaussian_noise,5,7.26,11.23,baseline,-3.9700000000000006
43,glass_blur,1,20.42,20.8,baseline,-0.379999999999999
43,glass_blur,2,21.86,22.29,baseline,-0.4299999999999997
43,glass_blur,3,26.4,26.18,baseline,0.21999999999999886
43,glass_blur,4,16.04,15.16,baseline,0.879999999999999
43,glass_blur,5,19.51,19.05,baseline,0.46000000000000085
43,impulse_noise,1,63.66,54.95,baseline,8.709999999999994
43,impulse_noise,2,41.1,33.18,baseline,7.920000000000002
43,impulse_noise,3,24.44,21.04,baseline,3.400000000000002
43,impulse_noise,4,10.49,10.15,baseline,0.33999999999999986
43,impulse_noise,5,5.6,5.92,baseline,-0.3200000000000003
43,jpeg_compression,1,59.02,61.78,baseline,-2.759999999999998
43,jpeg_compression,2,50.23,54.34,baseline,-4.1100000000000065
43,jpeg_compression,3,46.76,51.67,baseline,-4.910000000000004
43,jpeg_compression,4,43.13,48.58,baseline,-5.449999999999996
43,jpeg_compression,5,38.97,44.92,baseline,-5.950000000000003
43,motion_blur,1,68.53,66.96,baseline,1.5700000000000074
43,motion_blur,2,59.62,58.49,baseline,1.1299999999999955
43,motion_blur,3,50.67,50.09,baseline,0.5799999999999983
43,motion_blur,4,50.71,49.92,baseline,0.7899999999999991
43,motion_blur,5,42.81,42.43,baseline,0.38000000000000256
43,pixelate,1,73.74,71.88,baseline,1.8599999999999994
43,pixelate,2,63.96,63.49,baseline,0.46999999999999886
43,pixelate,3,56.06,58.35,baseline,-2.289999999999999
43,pixelate,4,31.99,40.32,baseline,-8.330000000000002
43,pixelate,5,14.15,24.76,baseline,-10.610000000000001
43,shot_noise,1,52.02,55.8,baseline,-3.779999999999994
43,shot_noise,2,36.2,43.24,baseline,-7.039999999999999
43,shot_noise,3,17.0,23.47,baseline,-6.469999999999999
43,shot_noise,4,12.78,18.36,baseline,-5.58
43,shot_noise,5,8.7,12.87,baseline,-4.17
43,snow,1,71.06,66.38,baseline,4.680000000000007
43,snow,2,52.43,48.91,baseline,3.520000000000003
43,snow,3,59.13,54.93,baseline,4.200000000000003
43,snow,4,54.79,51.84,baseline,2.9499999999999957
43,snow,5,44.11,44.0,baseline,0.10999999999999943
43,zoom_blur,1,65.91,64.21,baseline,1.7000000000000028
43,zoom_blur,2,59.98,59.08,baseline,0.8999999999999986
43,zoom_blur,3,52.91,52.16,baseline,0.75
43,zoom_blur,4,46.37,46.45,baseline,-0.0800000000000054
43,zoom_blur,5,37.69,38.62,baseline,-0.9299999999999997
44,brightness,1,77.99,76.2,baseline,1.789999999999992
44,brightness,2,77.05,75.24,baseline,1.8100000000000023
44,brightness,3,75.33,73.62,baseline,1.7099999999999937
44,brightness,4,73.35,71.2,baseline,2.1499999999999915
44,brightness,5,66.88,64.18,baseline,2.6999999999999886
44,contrast,1,77.08,75.24,baseline,1.8400000000000034
44,contrast,2,69.72,67.98,baseline,1.7399999999999949
44,contrast,3,62.2,60.4,baseline,1.8000000000000043
44,contrast,4,48.7,47.63,baseline,1.0700000000000003
44,contrast,5,18.99,16.38,baseline,2.6099999999999994
44,defocus_blur,1,78.22,75.82,baseline,2.4000000000000057
44,defocus_blur,2,74.73,72.27,baseline,2.460000000000008
44,defocus_blur,3,65.0,61.96,baseline,3.039999999999999
44,defocus_blur,4,52.54,50.96,baseline,1.5799999999999983
44,defocus_blur,5,31.38,33.09,baseline,-1.7100000000000044
44,elastic_transform,1,69.54,67.51,baseline,2.030000000000001
44,elastic_transform,2,69.37,67.06,baseline,2.3100000000000023
44,elastic_transform,3,62.49,60.52,baseline,1.9699999999999989
44,elastic_transform,4,55.89,56.35,baseline,-0.46000000000000085
44,elastic_transform,5,49.49,50.06,baseline,-0.5700000000000003
44,fog,1,77.77,75.76,baseline,2.009999999999991
44,fog,2,74.51,72.15,baseline,2.3599999999999994
44,fog,3,69.71,68.44,baseline,1.269999999999996
44,fog,4,62.26,61.33,baseline,0.9299999999999997
44,fog,5,38.19,38.29,baseline,-0.10000000000000142
44,frost,1,66.18,65.13,baseline,1.0500000000000114
44,frost,2,56.36,55.64,baseline,0.7199999999999989
44,frost,3,43.82,43.54,baseline,0.28000000000000114
44,frost,4,41.68,42.1,baseline,-0.4200000000000017
44,frost,5,32.39,32.63,baseline,-0.240000000000002
44,gaussian_noise,1,35.66,44.51,baseline,-8.850000000000001
44,gaussian_noise,2,17.92,26.92,baseline,-9.0
44,gaussian_noise,3,10.64,16.22,baseline,-5.579999999999998
44,gaussian_noise,4,8.53,13.61,baseline,-5.08
44,gaussian_noise,5,7.06,11.2,baseline,-4.14
44,glass_blur,1,21.21,20.5,baseline,0.7100000000000009
44,glass_blur,2,22.82,22.14,baseline,0.6799999999999997
44,glass_blur,3,26.52,26.27,baseline,0.25
44,glass_blur,4,17.24,15.38,baseline,1.8599999999999977
44,glass_blur,5,20.01,19.12,baseline,0.8900000000000006
44,impulse_noise,1,62.45,54.56,baseline,7.890000000000001
44,impulse_noise,2,38.71,32.84,baseline,5.869999999999997
44,impulse_noise,3,21.65,20.76,baseline,0.889999999999997
44,impulse_noise,4,8.63,9.83,baseline,-1.1999999999999993
44,impulse_noise,5,4.24,5.74,baseline,-1.5
44,jpeg_compression,1,58.89,62.43,baseline,-3.539999999999999
44,jpeg_compression,2,49.79,55.1,baseline,-5.310000000000002
44,jpeg_compression,3,46.2,52.13,baseline,-5.93
44,jpeg_compression,4,42.43,49.29,baseline,-6.859999999999999
44,jpeg_compression,5,37.4,44.34,baseline,-6.940000000000005
44,motion_blur,1,69.47,66.97,baseline,2.5
44,motion_blur,2,59.92,58.43,baseline,1.490000000000002
44,motion_blur,3,50.15,49.88,baseline,0.269999999999996
44,motion_blur,4,50.26,50.25,baseline,0.00999999999999801
44,motion_blur,5,41.94,42.31,baseline,-0.37000000000000455
44,pixelate,1,73.36,72.43,baseline,0.9299999999999926
44,pixelate,2,63.32,64.54,baseline,-1.220000000000006
44,pixelate,3,55.75,58.85,baseline,-3.1000000000000014
44,pixelate,4,30.34,41.21,baseline,-10.870000000000001
44,pixelate,5,13.94,23.01,baseline,-9.070000000000002
44,shot_noise,1,49.79,55.53,baseline,-5.740000000000002
44,shot_noise,2,33.52,42.66,baseline,-9.139999999999993
44,shot_noise,3,15.78,23.24,baseline,-7.459999999999999
44,shot_noise,4,11.92,18.14,baseline,-6.220000000000001
44,shot_noise,5,8.39,12.56,baseline,-4.17
44,snow,1,71.4,67.33,baseline,4.070000000000007
44,snow,2,52.45,49.71,baseline,2.740000000000002
44,snow,3,59.43,56.11,baseline,3.3200000000000003
44,snow,4,55.3,52.84,baseline,2.4599999999999937
44,snow,5,45.32,45.03,baseline,0.28999999999999915
44,zoom_blur,1,66.45,64.39,baseline,2.0600000000000023
44,zoom_blur,2,61.0,59.46,baseline,1.5399999999999991
44,zoom_blur,3,54.07,52.95,baseline,1.1199999999999974
44,zoom_blur,4,47.18,47.01,baseline,0.1700000000000017
44,zoom_blur,5,38.84,39.86,baseline,-1.019999999999996
42,brightness,1,77.8,78.45,cutmix_p1,-0.6500000000000057
42,brightness,2,76.81,77.49,cutmix_p1,-0.6799999999999926
42,brightness,3,74.91,75.61,cutmix_p1,-0.7000000000000028
42,brightness,4,73.04,72.99,cutmix_p1,0.05000000000001137
42,brightness,5,65.77,66.01,cutmix_p1,-0.2400000000000091
42,contrast,1,76.81,77.58,cutmix_p1,-0.769999999999996
42,contrast,2,70.16,69.89,cutmix_p1,0.269999999999996
42,contrast,3,63.31,62.15,cutmix_p1,1.1600000000000037
42,contrast,4,50.4,48.5,cutmix_p1,1.8999999999999986
42,contrast,5,20.05,18.05,cutmix_p1,2.0
42,defocus_blur,1,77.76,78.2,cutmix_p1,-0.4399999999999977
42,defocus_blur,2,74.28,74.27,cutmix_p1,0.010000000000005116
42,defocus_blur,3,64.26,63.94,cutmix_p1,0.3200000000000074
42,defocus_blur,4,52.59,52.53,cutmix_p1,0.060000000000002274
42,defocus_blur,5,31.25,31.09,cutmix_p1,0.16000000000000014
42,elastic_transform,1,69.31,69.7,cutmix_p1,-0.39000000000000057
42,elastic_transform,2,68.78,68.93,cutmix_p1,-0.15000000000000568
42,elastic_transform,3,62.43,62.32,cutmix_p1,0.10999999999999943
42,elastic_transform,4,56.15,54.34,cutmix_p1,1.8099999999999952
42,elastic_transform,5,49.65,46.74,cutmix_p1,2.9099999999999966
42,fog,1,77.35,77.85,cutmix_p1,-0.5
42,fog,2,73.9,74.39,cutmix_p1,-0.4899999999999949
42,fog,3,69.29,69.46,cutmix_p1,-0.1699999999999875
42,fog,4,61.88,61.74,cutmix_p1,0.14000000000000057
42,fog,5,36.5,37.38,cutmix_p1,-0.8800000000000026
42,frost,1,65.49,65.69,cutmix_p1,-0.20000000000000284
42,frost,2,56.0,55.09,cutmix_p1,0.9099999999999966
42,frost,3,43.18,42.0,cutmix_p1,1.1799999999999997
42,frost,4,42.17,41.09,cutmix_p1,1.0799999999999983
42,frost,5,33.05,31.12,cutmix_p1,1.9299999999999962
42,gaussian_noise,1,38.72,28.78,cutmix_p1,9.939999999999998
42,gaussian_noise,2,21.13,12.99,cutmix_p1,8.139999999999999
42,gaussian_noise,3,12.13,7.41,cutmix_p1,4.720000000000001
42,gaussian_noise,4,9.78,5.88,cutmix_p1,3.8999999999999995
42,gaussian_noise,5,7.78,5.23,cutmix_p1,2.55
42,glass_blur,1,21.39,21.65,cutmix_p1,-0.259999999999998
42,glass_blur,2,23.63,23.12,cutmix_p1,0.509999999999998
42,glass_blur,3,28.13,25.87,cutmix_p1,2.259999999999998
42,glass_blur,4,17.21,17.44,cutmix_p1,-0.23000000000000043
42,glass_blur,5,20.82,19.91,cutmix_p1,0.9100000000000001
42,impulse_noise,1,64.54,62.15,cutmix_p1,2.3900000000000077
42,impulse_noise,2,43.13,36.77,cutmix_p1,6.359999999999999
42,impulse_noise,3,25.38,20.23,cutmix_p1,5.149999999999999
42,impulse_noise,4,10.18,7.98,cutmix_p1,2.1999999999999993
42,impulse_noise,5,5.08,4.63,cutmix_p1,0.4500000000000002
42,jpeg_compression,1,59.64,56.02,cutmix_p1,3.6199999999999974
42,jpeg_compression,2,50.76,45.96,cutmix_p1,4.799999999999997
42,jpeg_compression,3,47.36,43.11,cutmix_p1,4.25
42,jpeg_compression,4,43.1,39.32,cutmix_p1,3.780000000000001
42,jpeg_compression,5,38.87,34.81,cutmix_p1,4.059999999999995
42,motion_blur,1,68.69,68.45,cutmix_p1,0.23999999999999488
42,motion_blur,2,59.41,59.07,cutmix_p1,0.3399999999999963
42,motion_blur,3,50.1,49.73,cutmix_p1,0.37000000000000455
42,motion_blur,4,50.07,50.11,cutmix_p1,-0.03999999999999915
42,motion_blur,5,42.27,41.61,cutmix_p1,0.6600000000000037
42,pixelate,1,73.15,73.34,cutmix_p1,-0.18999999999999773
42,pixelate,2,63.48,61.39,cutmix_p1,2.0899999999999963
42,pixelate,3,55.59,52.33,cutmix_p1,3.260000000000005
42,pixelate,4,29.61,25.2,cutmix_p1,4.41
42,pixelate,5,12.99,11.29,cutmix_p1,1.700000000000001
42,shot_noise,1,52.75,43.81,cutmix_p1,8.939999999999998
42,shot_noise,2,36.49,26.76,cutmix_p1,9.73
42,shot_noise,3,17.45,10.94,cutmix_p1,6.51
42,shot_noise,4,13.41,8.4,cutmix_p1,5.01
42,shot_noise,5,9.46,6.08,cutmix_p1,3.380000000000001
42,snow,1,71.48,72.21,cutmix_p1,-0.7299999999999898
42,snow,2,53.7,53.9,cutmix_p1,-0.19999999999999574
42,snow,3,59.6,60.07,cutmix_p1,-0.46999999999999886
42,snow,4,55.23,55.31,cutmix_p1,-0.0800000000000054
42,snow,5,46.21,45.33,cutmix_p1,0.8800000000000026
42,zoom_blur,1,66.22,66.48,cutmix_p1,-0.2600000000000051
42,zoom_blur,2,60.66,61.01,cutmix_p1,-0.3500000000000014
42,zoom_blur,3,52.26,53.95,cutmix_p1,-1.6900000000000048
42,zoom_blur,4,44.96,46.56,cutmix_p1,-1.6000000000000014
42,zoom_blur,5,36.83,38.85,cutmix_p1,-2.020000000000003
43,brightness,1,77.66,78.26,cutmix_p1,-0.6000000000000085
43,brightness,2,76.67,76.94,cutmix_p1,-0.269999999999996
43,brightness,3,74.42,75.16,cutmix_p1,-0.7399999999999949
43,brightness,4,71.56,72.64,cutmix_p1,-1.0799999999999983
43,brightness,5,63.68,64.82,cutmix_p1,-1.1399999999999935
43,contrast,1,77.18,77.0,cutmix_p1,0.18000000000000682
43,contrast,2,69.86,69.39,cutmix_p1,0.46999999999999886
43,contrast,3,62.77,61.72,cutmix_p1,1.0500000000000043
43,contrast,4,50.55,48.26,cutmix_p1,2.289999999999999
43,contrast,5,20.3,18.99,cutmix_p1,1.3100000000000023
43,defocus_blur,1,77.93,78.42,cutmix_p1,-0.4899999999999949
43,defocus_blur,2,73.84,74.06,cutmix_p1,-0.21999999999999886
43,defocus_blur,3,64.02,64.05,cutmix_p1,-0.030000000000001137
43,defocus_blur,4,51.89,53.02,cutmix_p1,-1.1300000000000026
43,defocus_blur,5,32.49,31.63,cutmix_p1,0.860000000000003
43,elastic_transform,1,69.2,69.49,cutmix_p1,-0.28999999999999204
43,elastic_transform,2,68.71,68.99,cutmix_p1,-0.28000000000000114
43,elastic_transform,3,62.88,62.41,cutmix_p1,0.47000000000000597
43,elastic_transform,4,55.91,55.64,cutmix_p1,0.269999999999996
43,elastic_transform,5,49.26,47.22,cutmix_p1,2.039999999999999
43,fog,1,77.58,77.83,cutmix_p1,-0.25
43,fog,2,73.92,73.88,cutmix_p1,0.04000000000000625
43,fog,3,69.22,69.56,cutmix_p1,-0.3400000000000034
43,fog,4,61.49,61.7,cutmix_p1,-0.21000000000000085
43,fog,5,36.39,37.26,cutmix_p1,-0.8699999999999974
43,frost,1,66.18,65.6,cutmix_p1,0.5800000000000125
43,frost,2,55.5,54.62,cutmix_p1,0.8800000000000026
43,frost,3,43.23,41.63,cutmix_p1,1.5999999999999943
43,frost,4,42.03,40.86,cutmix_p1,1.1700000000000017
43,frost,5,32.88,31.52,cutmix_p1,1.360000000000003
43,gaussian_noise,1,37.88,25.68,cutmix_p1,12.200000000000003
43,gaussian_noise,2,19.5,11.75,cutmix_p1,7.75
43,gaussian_noise,3,11.11,6.73,cutmix_p1,4.379999999999999
43,gaussian_noise,4,8.78,5.76,cutmix_p1,3.0199999999999996
43,gaussian_noise,5,7.26,4.91,cutmix_p1,2.3499999999999996
43,glass_blur,1,20.42,19.7,cutmix_p1,0.7200000000000024
43,glass_blur,2,21.86,20.93,cutmix_p1,0.9299999999999997
43,glass_blur,3,26.4,24.25,cutmix_p1,2.1499999999999986
43,glass_blur,4,16.04,15.33,cutmix_p1,0.7099999999999991
43,glass_blur,5,19.51,18.47,cutmix_p1,1.0400000000000027
43,impulse_noise,1,63.66,57.0,cutmix_p1,6.659999999999997
43,impulse_noise,2,41.1,28.36,cutmix_p1,12.740000000000002
43,impulse_noise,3,24.44,13.85,cutmix_p1,10.590000000000002
43,impulse_noise,4,10.49,5.86,cutmix_p1,4.63
43,impulse_noise,5,5.6,3.36,cutmix_p1,2.2399999999999998
43,jpeg_compression,1,59.02,57.27,cutmix_p1,1.75
43,jpeg_compression,2,50.23,47.84,cutmix_p1,2.3899999999999935
43,jpeg_compression,3,46.76,44.29,cutmix_p1,2.469999999999999
43,jpeg_compression,4,43.13,40.86,cutmix_p1,2.270000000000003
43,jpeg_compression,5,38.97,35.94,cutmix_p1,3.030000000000001
43,motion_blur,1,68.53,68.44,cutmix_p1,0.09000000000000341
43,motion_blur,2,59.62,58.57,cutmix_p1,1.0499999999999972
43,motion_blur,3,50.67,49.43,cutmix_p1,1.240000000000002
43,motion_blur,4,50.71,49.42,cutmix_p1,1.2899999999999991
43,motion_blur,5,42.81,41.53,cutmix_p1,1.2800000000000011
43,pixelate,1,73.74,73.01,cutmix_p1,0.7299999999999898
43,pixelate,2,63.96,62.52,cutmix_p1,1.4399999999999977
43,pixelate,3,56.06,53.72,cutmix_p1,2.3400000000000034
43,pixelate,4,31.99,27.59,cutmix_p1,4.399999999999999
43,pixelate,5,14.15,12.51,cutmix_p1,1.6400000000000006
43,shot_noise,1,52.02,41.21,cutmix_p1,10.810000000000002
43,shot_noise,2,36.2,24.49,cutmix_p1,11.710000000000004
43,shot_noise,3,17.0,10.23,cutmix_p1,6.77
43,shot_noise,4,12.78,8.1,cutmix_p1,4.68
43,shot_noise,5,8.7,6.14,cutmix_p1,2.5599999999999996
43,snow,1,71.06,70.45,cutmix_p1,0.6099999999999994
43,snow,2,52.43,52.33,cutmix_p1,0.10000000000000142
43,snow,3,59.13,59.62,cutmix_p1,-0.4899999999999949
43,snow,4,54.79,55.77,cutmix_p1,-0.980000000000004
43,snow,5,44.11,45.31,cutmix_p1,-1.2000000000000028
43,zoom_blur,1,65.91,66.5,cutmix_p1,-0.5900000000000034
43,zoom_blur,2,59.98,60.75,cutmix_p1,-0.7700000000000031
43,zoom_blur,3,52.91,53.18,cutmix_p1,-0.2700000000000031
43,zoom_blur,4,46.37,46.45,cutmix_p1,-0.0800000000000054
43,zoom_blur,5,37.69,38.22,cutmix_p1,-0.5300000000000011
44,brightness,1,77.99,78.59,cutmix_p1,-0.6000000000000085
44,brightness,2,77.05,77.54,cutmix_p1,-0.4900000000000091
44,brightness,3,75.33,75.74,cutmix_p1,-0.4099999999999966
44,brightness,4,73.35,72.97,cutmix_p1,0.37999999999999545
44,brightness,5,66.88,65.71,cutmix_p1,1.1700000000000017
44,contrast,1,77.08,77.48,cutmix_p1,-0.4000000000000057
44,contrast,2,69.72,69.51,cutmix_p1,0.20999999999999375
44,contrast,3,62.2,62.0,cutmix_p1,0.20000000000000284
44,contrast,4,48.7,48.59,cutmix_p1,0.10999999999999943
44,contrast,5,18.99,17.96,cutmix_p1,1.0299999999999976
44,defocus_blur,1,78.22,78.24,cutmix_p1,-0.01999999999999602
44,defocus_blur,2,74.73,73.72,cutmix_p1,1.0100000000000051
44,defocus_blur,3,65.0,64.17,cutmix_p1,0.8299999999999983
44,defocus_blur,4,52.54,52.43,cutmix_p1,0.10999999999999943
44,defocus_blur,5,31.38,31.97,cutmix_p1,-0.5899999999999999
44,elastic_transform,1,69.54,69.32,cutmix_p1,0.22000000000001307
44,elastic_transform,2,69.37,68.81,cutmix_p1,0.5600000000000023
44,elastic_transform,3,62.49,62.08,cutmix_p1,0.4100000000000037
44,elastic_transform,4,55.89,53.67,cutmix_p1,2.219999999999999
44,elastic_transform,5,49.49,47.84,cutmix_p1,1.6499999999999986
44,fog,1,77.77,78.21,cutmix_p1,-0.4399999999999977
44,fog,2,74.51,74.22,cutmix_p1,0.29000000000000625
44,fog,3,69.71,68.57,cutmix_p1,1.1400000000000006
44,fog,4,62.26,61.04,cutmix_p1,1.2199999999999989
44,fog,5,38.19,36.47,cutmix_p1,1.7199999999999989
44,frost,1,66.18,66.52,cutmix_p1,-0.3399999999999892
44,frost,2,56.36,56.48,cutmix_p1,-0.11999999999999744
44,frost,3,43.82,44.73,cutmix_p1,-0.9099999999999966
44,frost,4,41.68,43.1,cutmix_p1,-1.4200000000000017
44,frost,5,32.39,33.52,cutmix_p1,-1.1300000000000026
44,gaussian_noise,1,35.66,31.25,cutmix_p1,4.409999999999997
44,gaussian_noise,2,17.92,15.64,cutmix_p1,2.280000000000001
44,gaussian_noise,3,10.64,8.75,cutmix_p1,1.8900000000000006
44,gaussian_noise,4,8.53,7.26,cutmix_p1,1.2699999999999996
44,gaussian_noise,5,7.06,6.23,cutmix_p1,0.8299999999999992
44,glass_blur,1,21.21,21.79,cutmix_p1,-0.5799999999999983
44,glass_blur,2,22.82,22.61,cutmix_p1,0.21000000000000085
44,glass_blur,3,26.52,26.48,cutmix_p1,0.03999999999999915
44,glass_blur,4,17.24,16.84,cutmix_p1,0.3999999999999986
44,glass_blur,5,20.01,20.01,cutmix_p1,0.0
44,impulse_noise,1,62.45,62.52,cutmix_p1,-0.07000000000000028
44,impulse_noise,2,38.71,39.27,cutmix_p1,-0.5600000000000023
44,impulse_noise,3,21.65,22.54,cutmix_p1,-0.8900000000000006
44,impulse_noise,4,8.63,8.61,cutmix_p1,0.02000000000000135
44,impulse_noise,5,4.24,4.75,cutmix_p1,-0.5099999999999998
44,jpeg_compression,1,58.89,57.36,cutmix_p1,1.5300000000000011
44,jpeg_compression,2,49.79,48.17,cutmix_p1,1.6199999999999974
44,jpeg_compression,3,46.2,44.46,cutmix_p1,1.740000000000002
44,jpeg_compression,4,42.43,41.3,cutmix_p1,1.1300000000000026
44,jpeg_compression,5,37.4,36.64,cutmix_p1,0.759999999999998
44,motion_blur,1,69.47,68.18,cutmix_p1,1.289999999999992
44,motion_blur,2,59.92,58.99,cutmix_p1,0.9299999999999997
44,motion_blur,3,50.15,49.38,cutmix_p1,0.769999999999996
44,motion_blur,4,50.26,49.6,cutmix_p1,0.6599999999999966
44,motion_blur,5,41.94,41.72,cutmix_p1,0.21999999999999886
44,pixelate,1,73.36,73.82,cutmix_p1,-0.45999999999999375
44,pixelate,2,63.32,62.59,cutmix_p1,0.7299999999999969
44,pixelate,3,55.75,54.01,cutmix_p1,1.740000000000002
44,pixelate,4,30.34,27.09,cutmix_p1,3.25
44,pixelate,5,13.94,11.73,cutmix_p1,2.209999999999999
44,shot_noise,1,49.79,45.6,cutmix_p1,4.189999999999998
44,shot_noise,2,33.52,29.19,cutmix_p1,4.330000000000002
44,shot_noise,3,15.78,13.1,cutmix_p1,2.6799999999999997
44,shot_noise,4,11.92,9.88,cutmix_p1,2.039999999999999
44,shot_noise,5,8.39,7.29,cutmix_p1,1.1000000000000005
44,snow,1,71.4,71.78,cutmix_p1,-0.37999999999999545
44,snow,2,52.45,54.07,cutmix_p1,-1.6199999999999974
44,snow,3,59.43,61.08,cutmix_p1,-1.6499999999999986
44,snow,4,55.3,57.05,cutmix_p1,-1.75
44,snow,5,45.32,46.5,cutmix_p1,-1.1799999999999997
44,zoom_blur,1,66.45,66.22,cutmix_p1,0.23000000000000398
44,zoom_blur,2,61.0,61.25,cutmix_p1,-0.25
44,zoom_blur,3,54.07,54.46,cutmix_p1,-0.39000000000000057
44,zoom_blur,4,47.18,47.77,cutmix_p1,-0.5900000000000034
44,zoom_blur,5,38.84,40.09,cutmix_p1,-1.25
