method,corruption,severity,mean,std,seeds
baseline,brightness,1,75.98333333333333,0.3085989846602483,3
baseline,brightness,2,75.07666666666667,0.18876793513023274,3
baseline,brightness,3,73.43333333333334,0.20744477176669246,3
baseline,brightness,4,71.32666666666667,0.3194265695482004,3
baseline,brightness,5,64.60333333333334,0.517332903779892,3
baseline,contrast,1,74.89999999999999,0.3559494346111493,3
baseline,contrast,2,67.71666666666667,0.5000333322222933,3
baseline,contrast,3,60.026666666666664,0.8259136355172558,3
baseline,contrast,4,47.36000000000001,0.8286736390159901,3
baseline,contrast,5,16.959999999999997,0.5335728628781649,3
baseline,defocus_blur,1,75.79333333333334,0.27098585448936424,3
baseline,defocus_blur,2,72.27666666666666,0.25006665778014747,3
baseline,defocus_blur,3,62.153333333333336,0.3262412195497898,3
baseline,defocus_blur,4,50.473333333333336,0.4623130252689545,3
baseline,defocus_blur,5,32.45666666666667,0.635006561645889,3
baseline,elastic_transform,1,67.23333333333333,0.3426854728950985,3
baseline,elastic_transform,2,67.01333333333334,0.05033222956847412,3
baseline,elastic_transform,3,60.82,0.27838821814149933,3
baseline,elastic_transform,4,56.64333333333334,0.33605555096342576,3
baseline,elastic_transform,5,50.419999999999995,0.32186953878862073,3
baseline,fog,1,75.46333333333334,0.3763420430052052,3
baseline,fog,2,72.09,0.10392304845413658,3
baseline,fog,3,68.07,0.4288356328478391,3
baseline,fog,4,61.07666666666666,0.5186842327788004,3
baseline,fog,5,38.333333333333336,1.0156935233294164,3
baseline,frost,1,65.02333333333333,0.323470761172219,3
baseline,frost,2,55.4,0.41569219381653044,3
baseline,frost,3,43.406666666666666,0.2936551265231578,3
baseline,frost,4,42.166666666666664,0.5231953108862227,3
baseline,frost,5,32.63,0.4900000000000002,3
baseline,gaussian_noise,1,44.593333333333334,0.4310839052125849,3
baseline,gaussian_noise,2,26.666666666666668,0.5368736660829387,3
baseline,gaussian_noise,3,16.093333333333334,0.8074858099888381,3
baseline,gaussian_noise,4,13.14,1.0014489502715544,3
baseline,gaussian_noise,5,10.79,0.7362744053679982,3
baseline,glass_blur,1,20.58666666666667,0.18583146486355132,3
baseline,glass_blur,2,22.16333333333333,0.11676186592091395,3
baseline,glass_blur,3,26.103333333333335,0.21548395145192026,3
baseline,glass_blur,4,15.246666666666668,0.1171893055416471,3
baseline,glass_blur,5,19.05333333333333,0.06506407098647791,3
baseline,impulse_noise,1,54.71666666666667,0.20599352740640567,3
baseline,impulse_noise,2,33.04333333333333,0.17953644012659825,3
baseline,impulse_noise,3,20.766666666666666,0.2700617213403875,3
baseline,impulse_noise,4,9.96,0.1682260384126075,3
baseline,impulse_noise,5,6.036666666666666,0.3690979996333407,3
baseline,jpeg_compression,1,61.903333333333336,0.4771093515467205,3
baseline,jpeg_compression,2,54.61666666666667,0.4200396806652126,3
baseline,jpeg_compression,3,51.803333333333335,0.2844878439113595,3
baseline,jpeg_compression,4,48.88666666666666,0.3647373484212054,3
baseline,jpeg_compression,5,44.48,0.3893584466786369,3
baseline,motion_blur,1,66.91333333333334,0.08962886439832693,3
baseline,motion_blur,2,58.24666666666667,0.3707200201409864,3
baseline,motion_blur,3,49.836666666666666,0.27754879450888575,3
baseline,motion_blur,4,49.92333333333334,0.32501282025995615,3
baseline,motion_blur,5,42.083333333333336,0.5001333155602958,3
baseline,pixelate,1,72.17333333333333,0.27682726262659885,3
baseline,pixelate,2,63.843333333333334,0.6033517492585343,3
baseline,pixelate,3,58.27333333333333,0.6185736280616366,3
baseline,pixelate,4,40.64666666666667,0.4899319680663198,3
baseline,pixelate,5,23.926666666666666,0.8779711460710621,3
baseline,shot_noise,1,55.64666666666667,0.13868429375143024,3
baseline,shot_noise,2,42.82666666666666,0.36018513757973886,3
baseline,shot_noise,3,23.02,0.5915234568468085,3
baseline,shot_noise,4,17.74,0.8901685233707162,3
baseline,shot_noise,5,12.339999999999998,0.6677574409918613,3
baseline,snow,1,66.89,0.4788527957525191,3
baseline,snow,2,49.050000000000004,0.6023288138550252,3
baseline,snow,3,55.00333333333333,1.0718830782008484,3
baseline,snow,4,52.14333333333334,0.6050068870131425,3
baseline,snow,5,44.11666666666667,0.8609490886999863,3
baseline,zoom_blur,1,64.28666666666668,0.09291573243177983,3
baseline,zoom_blur,2,59.36333333333334,0.24946609656090252,3
baseline,zoom_blur,3,52.51333333333333,0.40153870714208206,3
baseline,zoom_blur,4,46.51,0.47286361670147065,3
baseline,zoom_blur,5,38.86666666666667,0.8958422480176593,3
cutmix_p05,brightness,1,77.81666666666666,0.16563010998406402,3
cutmix_p05,brightness,2,76.84333333333333,0.19218047073865788,3
cutmix_p05,brightness,3,74.88666666666667,0.4554484969053413,3
cutmix_p05,brightness,4,72.64999999999999,0.9566085928947096,3
cutmix_p05,brightness,5,65.44333333333333,1.62481793851906,3
cutmix_p05,contrast,1,77.02333333333333,0.19139836293274196,3
cutmix_p05,contrast,2,69.91333333333334,0.22479620400115813,3
cutmix_p05,contrast,3,62.76,0.5550675634551191,3
cutmix_p05,contrast,4,49.88333333333333,1.0275375094532198,3
cutmix_p05,contrast,5,19.78,0.6954854419756049,3
cutmix_p05,defocus_blur,1,77.97000000000001,0.23259406699226176,3
cutmix_p05,defocus_blur,2,74.28333333333335,0.4450093631973772,3
cutmix_p05,defocus_blur,3,64.42666666666666,0.51081634011975,3
cutmix_p05,defocus_blur,4,52.34,0.3905124837953328,3
cutmix_p05,defocus_blur,5,31.706666666666667,0.6814934580268069,3
cutmix_p05,elastic_transform,1,69.35000000000001,0.17349351572898136,3
cutmix_p05,elastic_transform,2,68.95333333333333,0.36253735439721974,3
cutmix_p05,elastic_transform,3,62.6,0.24433583445741344,3
cutmix_p05,elastic_transform,4,55.98333333333333,0.1446835627614072,3
cutmix_p05,elastic_transform,5,49.46666666666667,0.19604421270043523,3
cutmix_p05,fog,1,77.56666666666666,0.21031722072462872,3
cutmix_p05,fog,2,74.11,0.3465544690232741,3
cutmix_p05,fog,3,69.40666666666667,0.26501572280400976,3
cutmix_p05,fog,4,61.876666666666665,0.38501082235871303,3
cutmix_p05,fog,5,37.026666666666664,1.0089763789768977,3
cutmix_p05,frost,1,65.95,0.3983716857408446,3
cutmix_p05,frost,2,55.95333333333334,0.4318950489798802,3
cutmix_p05,frost,3,43.41,0.3559494346111558,3
cutmix_p05,frost,4,41.96,0.25238858928248026,3
cutmix_p05,frost,5,32.77333333333333,0.3426854728950931,3
cutmix_p05,gaussian_noise,1,37.419999999999995,1.5810123339177322,3
cutmix_p05,gaussian_noise,2,19.516666666666666,1.6050649000377912,3
cutmix_p05,gaussian_noise,3,11.293333333333335,0.7617304860207021,3
cutmix_p05,gaussian_noise,4,9.03,0.6614378277661477,3
cutmix_p05,gaussian_noise,5,7.366666666666667,0.37166292972710274,3
cutmix_p05,glass_blur,1,21.006666666666668,0.515978035708239,3
cutmix_p05,glass_blur,2,22.77,0.8860586888011415,3
cutmix_p05,glass_blur,3,27.016666666666666,0.9660400267759796,3
cutmix_p05,glass_blur,4,16.83,0.6843244844370254,3
cutmix_p05,glass_blur,5,20.113333333333333,0.6610849668033082,3
cutmix_p05,impulse_noise,1,63.550000000000004,1.0493331215586363,3
cutmix_p05,impulse_noise,2,40.98,2.212442089637604,3
cutmix_p05,impulse_noise,3,23.823333333333334,1.9399570441979734,3
cutmix_p05,impulse_noise,4,9.766666666666667,0.9965105786359387,3
cutmix_p05,impulse_noise,5,4.973333333333334,0.686245825731081,3
cutmix_p05,jpeg_compression,1,59.18333333333334,0.4007908847932176,3
cutmix_p05,jpeg_compression,2,50.26,0.4856953777832351,3
cutmix_p05,jpeg_compression,3,46.77333333333333,0.5801149311415226,3
cutmix_p05,jpeg_compression,4,42.88666666666666,0.3957692930652089,3
cutmix_p05,jpeg_compression,5,38.413333333333334,0.8789956389728771,3
cutmix_p05,motion_blur,1,68.89666666666666,0.5029247790011293,3
cutmix_p05,motion_blur,2,59.65,0.25632011235952695,3
cutmix_p05,motion_blur,3,50.30666666666667,0.3156474826976032,3
cutmix_p05,motion_blur,4,50.346666666666664,0.3286842456421263,3
cutmix_p05,motion_blur,5,42.34,0.43920382511995754,3
cutmix_p05,pixelate,1,73.41666666666667,0.29905406423142233,3
cutmix_p05,pixelate,2,63.586666666666666,0.3330665599145821,3
cutmix_p05,pixelate,3,55.800000000000004,0.23895606290697033,3
cutmix_p05,pixelate,4,30.646666666666665,1.219275741304375,3
cutmix_p05,pixelate,5,13.693333333333333,0.6180884510596628,3
cutmix_p05,shot_noise,1,51.52,1.5420440979427308,3
cutmix_p05,shot_noise,2,35.403333333333336,1.6374472001665668,3
cutmix_p05,shot_noise,3,16.743333333333332,0.8640794716536983,3
cutmix_p05,shot_noise,4,12.703333333333333,0.7479527614317182,3
cutmix_p05,shot_noise,5,8.85,0.5505451843400323,3
cutmix_p05,snow,1,71.31333333333333,0.22300971578237233,3
cutmix_p05,snow,2,52.86000000000001,0.7275300681071523,3
cutmix_p05,snow,3,59.38666666666666,0.23797758998135285,3
cutmix_p05,snow,4,55.10666666666666,0.27646579052991893,3
cutmix_p05,snow,5,45.21333333333333,1.054055659504436,3
cutmix_p05,zoom_blur,1,66.19333333333333,0.2709858544893735,3
cutmix_p05,zoom_blur,2,60.54666666666666,0.5193585787616644,3
cutmix_p05,zoom_blur,3,53.080000000000005,0.9168969407736103,3
cutmix_p05,zoom_blur,4,46.169999999999995,1.1234322409473552,3
cutmix_p05,zoom_blur,5,37.78666666666667,1.008480705483916,3
cutmix_p1,brightness,1,78.43333333333334,0.16563010998406366,3
cutmix_p1,brightness,2,77.32333333333334,0.33291640592397237,3
cutmix_p1,brightness,3,75.50333333333333,0.3043572462310245,3
cutmix_p1,brightness,4,72.86666666666666,0.19655363983740629,3
cutmix_p1,brightness,5,65.51333333333334,0.6188968680913947,3
cutmix_p1,contrast,1,77.35333333333334,0.31005375877955865,3
cutmix_p1,contrast,2,69.59666666666668,0.2610236260060239,3
cutmix_p1,contrast,3,61.95666666666667,0.2182506204649459,3
cutmix_p1,contrast,4,48.449999999999996,0.17058722109232324,3
cutmix_p1,contrast,5,18.333333333333332,0.5704676444228292,3
cutmix_p1,defocus_blur,1,78.28666666666668,0.11718930554164654,3
cutmix_p1,defocus_blur,2,74.01666666666667,0.2775487945088772,3
cutmix_p1,defocus_blur,3,64.05333333333333,0.11503622617825314,3
cutmix_p1,defocus_blur,4,52.660000000000004,0.3157530680769405,3
cutmix_p1,defocus_blur,5,31.563333333333333,0.44377171308380264,3
cutmix_p1,elastic_transform,1,69.50333333333333,0.19035055380359472,3
cutmix_p1,elastic_transform,2,68.91000000000001,0.09165151389911871,3
cutmix_p1,elastic_transform,3,62.27,0.1705872210923179,3
cutmix_p1,elastic_transform,4,54.550000000000004,1.0016486409914407,3
cutmix_p1,elastic_transform,5,47.26666666666667,0.5514828495368921,3
cutmix_p1,fog,1,77.96333333333332,0.21385353243126498,3
cutmix_p1,fog,2,74.16333333333334,0.25967928938083085,3
cutmix_p1,fog,3,69.19666666666666,0.5450076452063152,3
cutmix_p1,fog,4,61.49333333333334,0.39310727967481485,3
cutmix_p1,fog,5,37.03666666666667,0.49440199568097964,3
cutmix_p1,frost,1,65.93666666666667,0.5071817557181364,3
cutmix_p1,frost,2,55.39666666666667,0.9671780256671094,3
cutmix_p1,frost,3,42.78666666666667,1.6931135027910367,3
cutmix_p1,frost,4,41.68333333333334,1.232247269558075,3
cutmix_p1,frost,5,32.053333333333335,1.285820101465729,3
cutmix_p1,gaussian_noise,1,28.570000000000004,2.790931744059679,3
cutmix_p1,gaussian_noise,2,13.46,1.987133614028005,3
cutmix_p1,gaussian_noise,3,7.63,1.0278132126023676,3
cutmix_p1,gaussian_noise,4,6.3,0.8335466393669881,3
cutmix_p1,gaussian_noise,5,5.456666666666667,0.6885734044626858,3
cutmix_p1,glass_blur,1,21.046666666666667,1.1683464098174536,3
cutmix_p1,glass_blur,2,22.22,1.1459057552870566,3
cutmix_p1,glass_blur,3,25.53333333333333,1.1524900578023802,3
cutmix_p1,glass_blur,4,16.536666666666665,1.087213563810411,3
cutmix_p1,glass_blur,5,19.463333333333335,0.8617037387254017,3
cutmix_p1,impulse_noise,1,60.55666666666667,3.085714395943561,3
cutmix_p1,impulse_noise,2,34.800000000000004,5.7155664636149615,3
cutmix_p1,impulse_noise,3,18.87333333333333,4.50104802610829,3
cutmix_p1,impulse_noise,4,7.483333333333333,1.4407058455261894,3
cutmix_p1,impulse_noise,5,4.246666666666667,0.7702164198024691,3
cutmix_p1,jpeg_compression,1,56.88333333333333,0.7490215840236731,3
cutmix_p1,jpeg_compression,2,47.32333333333333,1.1921549116341084,3
cutmix_p1,jpeg_compression,3,43.95333333333334,0.7352777253074725,3
cutmix_p1,jpeg_compression,4,40.49333333333333,1.0396794377755705,3
cutmix_p1,jpeg_compression,5,35.79666666666667,0.9233814668561046,3
cutmix_p1,motion_blur,1,68.35666666666667,0.15307950004272794,3
cutmix_p1,motion_blur,2,58.876666666666665,0.2685764943797832,3
cutmix_p1,motion_blur,3,49.51333333333333,0.18929694486000712,3
cutmix_p1,motion_blur,4,49.71,0.3579106033634644,3
cutmix_p1,motion_blur,5,41.62,0.0953939201416944,3
cutmix_p1,pixelate,1,73.39,0.40730823708831937,3
cutmix_p1,pixelate,2,62.166666666666664,0.6735230755759892,3
cutmix_p1,pixelate,3,53.35333333333333,0.8980163324424191,3
cutmix_p1,pixelate,4,26.626666666666665,1.2605686547480603,3
cutmix_p1,pixelate,5,11.843333333333334,0.6178457196852091,3
cutmix_p1,shot_noise,1,43.54,2.2074193076984705,3
cutmix_p1,shot_noise,2,26.813333333333333,2.3504538568823983,3
cutmix_p1,shot_noise,3,11.423333333333332,1.4948021050738896,3
cutmix_p1,shot_noise,4,8.793333333333335,0.9529602999775671,3
cutmix_p1,shot_noise,5,6.503333333333333,0.6819335255971316,3
cutmix_p1,snow,1,71.48,0.9175510884958895,3
cutmix_p1,snow,2,53.43333333333334,0.959287930359459,3
cutmix_p1,snow,3,60.25666666666666,0.7476853170507843,3
cutmix_p1,snow,4,56.04333333333333,0.9016281569102218,3
cutmix_p1,snow,5,45.71333333333333,0.6813467056743832,3
cutmix_p1,zoom_blur,1,66.39999999999999,0.15620499351813863,3
cutmix_p1,zoom_blur,2,61.00333333333333,0.25006665778014814,3
cutmix_p1,zoom_blur,3,53.86333333333334,0.6443860126766688,3
cutmix_p1,zoom_blur,4,46.92666666666667,0.7324160930327335,3
cutmix_p1,zoom_blur,5,39.053333333333335,0.9514375088955334,3
