control,corruption,severity,mean,std,minimum,maximum,seeds
baseline,brightness,1,1.8333333333333286,0.17897858344878875,1.6799999999999926,2.030000000000001,3
baseline,brightness,2,1.7666666666666657,0.06658328118479527,1.6899999999999977,1.8100000000000023,3
baseline,brightness,3,1.4533333333333331,0.2502665245959392,1.210000000000008,1.7099999999999937,3
baseline,brightness,4,1.323333333333333,0.8403174003513955,0.46999999999999886,2.1499999999999915,3
baseline,brightness,5,0.8399999999999915,2.140747532989351,-1.500000000000007,2.6999999999999886,3
baseline,contrast,1,2.123333333333335,0.45654499595695547,1.8400000000000034,2.6500000000000057,3
baseline,contrast,2,2.196666666666663,0.7144461724534138,1.7399999999999949,3.019999999999996,3
baseline,contrast,3,2.7333333333333365,1.3092873379565444,1.8000000000000043,4.230000000000004,3
baseline,contrast,4,2.523333333333331,1.4500114942073155,1.0700000000000003,3.969999999999999,3
baseline,contrast,5,2.8200000000000003,0.19000000000000064,2.6099999999999994,2.9800000000000004,3
baseline,defocus_blur,1,2.1766666666666716,0.404268887416941,1.710000000000008,2.4200000000000017,3
baseline,defocus_blur,2,2.00666666666667,0.39374272480051814,1.75,2.460000000000008,3
baseline,defocus_blur,3,2.2733333333333334,0.6829592471980529,1.730000000000004,3.039999999999999,3
baseline,defocus_blur,4,1.8666666666666671,0.2953528962670492,1.5799999999999983,2.1700000000000017,3
baseline,defocus_blur,5,-0.7500000000000012,0.883855191759377,-1.7100000000000044,0.030000000000001137,3
baseline,elastic_transform,1,2.1166666666666694,0.20428737928059917,1.9699999999999989,2.3500000000000085,3
baseline,elastic_transform,2,1.9400000000000024,0.3269556544854371,1.6899999999999977,2.3100000000000023,3
baseline,elastic_transform,3,1.7800000000000011,0.3642801120017413,1.3599999999999994,2.010000000000005,3
baseline,elastic_transform,4,-0.6600000000000014,0.19999999999999932,-0.8599999999999994,-0.46000000000000085,3
baseline,elastic_transform,5,-0.9533333333333355,0.43108390521258577,-1.4200000000000017,-0.5700000000000003,3
baseline,fog,1,2.1033333333333246,0.3982880029995052,1.759999999999991,2.539999999999992,3
baseline,fog,2,2.020000000000001,0.31096623610932356,1.75,2.3599999999999994,3
baseline,fog,3,1.3366666666666684,0.32516662395353346,1.0499999999999972,1.690000000000012,3
baseline,fog,4,0.8000000000000019,0.6744627491566922,0.07000000000000028,1.4000000000000057,3
baseline,fog,5,-1.3066666666666673,1.4956381023942003,-2.979999999999997,-0.10000000000000142,3
baseline,frost,1,0.9266666666666717,0.6636515149785657,0.20999999999999375,1.5200000000000102,3
baseline,frost,2,0.5533333333333322,0.6268439465555463,-0.14000000000000057,1.0799999999999983,3
baseline,frost,3,0.00333333333333267,0.34268547289509455,-0.38000000000000256,0.28000000000000114,3
baseline,frost,4,-0.2066666666666658,0.6182502190321764,-0.6899999999999977,0.490000000000002,3
baseline,frost,5,0.14333333333333323,0.6639528095680668,-0.240000000000002,0.9099999999999966,3
baseline,gaussian_noise,1,-7.173333333333335,1.6800099206056291,-8.850000000000001,-5.490000000000002,3
baseline,gaussian_noise,2,-7.150000000000001,2.066373635139588,-9.0,-4.920000000000002,3
baseline,gaussian_noise,3,-4.799999999999999,1.4739063742314158,-5.719999999999999,-3.0999999999999996,3
baseline,gaussian_noise,4,-4.11,1.6455698101265712,-5.08,-2.210000000000001,3
baseline,gaussian_noise,5,-3.4233333333333333,1.0973756573449833,-4.14,-2.1599999999999993,3
baseline,glass_blur,1,0.42000000000000054,0.7014983962918229,-0.379999999999999,0.9299999999999997,3
baseline,glass_blur,2,0.6066666666666668,1.0020146372849716,-0.4299999999999997,1.5700000000000003,3
baseline,glass_blur,3,0.9133333333333328,1.1750035460939399,0.21999999999999886,2.2699999999999996,3
baseline,glass_blur,4,1.5833333333333328,0.6137045977775741,0.879999999999999,2.0100000000000016,3
baseline,glass_blur,5,1.0600000000000012,0.700642562224135,0.46000000000000085,1.8300000000000018,3
baseline,impulse_noise,1,8.833333333333334,1.0106598504607474,7.890000000000001,9.900000000000006,3
baseline,impulse_noise,2,7.936666666666667,2.0750502001959723,5.869999999999997,10.020000000000003,3
baseline,impulse_noise,3,3.056666666666666,2.0170357788927142,0.889999999999997,4.879999999999999,3
baseline,impulse_noise,4,-0.19333333333333336,0.8723149278404745,-1.1999999999999993,0.33999999999999986,3
baseline,impulse_noise,5,-1.0633333333333335,0.6470188044665574,-1.5,-0.3200000000000003,3
baseline,jpeg_compression,1,-2.719999999999999,0.8407139822793479,-3.539999999999999,-1.8599999999999994,3
baseline,jpeg_compression,2,-4.356666666666669,0.85704920123254,-5.310000000000002,-3.6499999999999986,3
baseline,jpeg_compression,3,-5.030000000000001,0.8464041587799527,-5.93,-4.25,3
baseline,jpeg_compression,4,-5.999999999999997,0.7543871685016936,-6.859999999999999,-5.449999999999996,3
baseline,jpeg_compression,5,-6.06666666666667,0.8212389014978135,-6.940000000000005,-5.310000000000002,3
baseline,motion_blur,1,1.9833333333333343,0.47353282181210077,1.5700000000000074,2.5,3
baseline,motion_blur,2,1.4033333333333313,0.24193663082165556,1.1299999999999955,1.5899999999999963,3
baseline,motion_blur,3,0.46999999999999886,0.17349351572897706,0.269999999999996,0.5799999999999983,3
baseline,motion_blur,4,0.423333333333332,0.39208842540087024,0.00999999999999801,0.7899999999999991,3
baseline,motion_blur,5,0.2566666666666677,0.5750072463311563,-0.37000000000000455,0.7600000000000051,3
baseline,pixelate,1,1.2433333333333347,0.5340724045795023,0.9299999999999926,1.8599999999999994,3
baseline,pixelate,2,-0.2566666666666701,0.86950177304784,-1.220000000000006,0.46999999999999886,3
baseline,pixelate,3,-2.4733333333333314,0.55806212318463,-3.1000000000000014,-2.029999999999994,3
baseline,pixelate,4,-10.0,1.4466858677681191,-10.870000000000001,-8.330000000000002,3
baseline,pixelate,5,-10.233333333333334,1.0281212639243156,-11.020000000000001,-9.070000000000002,3
baseline,shot_noise,1,-4.126666666666665,1.4709634031250878,-5.740000000000002,-2.8599999999999994,3
baseline,shot_noise,2,-7.423333333333329,1.560715647814594,-9.139999999999993,-6.089999999999996,3
baseline,shot_noise,3,-6.276666666666666,1.2909040759612347,-7.459999999999999,-4.900000000000002,3
baseline,shot_noise,4,-5.036666666666666,1.5291936873180376,-6.220000000000001,-3.3099999999999987,3
baseline,shot_noise,5,-3.4899999999999998,1.1777945491468371,-4.17,-2.129999999999999,3
baseline,snow,1,4.423333333333342,0.3162804662531873,4.070000000000007,4.680000000000007,3
baseline,snow,2,3.8100000000000023,1.2406852945046134,2.740000000000002,5.170000000000002,3
baseline,snow,3,4.3833333333333355,1.1658616270095419,3.3200000000000003,5.630000000000003,3
baseline,snow,4,2.963333333333329,0.5101307022061454,2.4599999999999937,3.479999999999997,3
baseline,snow,5,1.0966666666666665,1.5556777729765683,0.10999999999999943,2.8900000000000006,3
baseline,zoom_blur,1,1.9066666666666663,0.18583146486354984,1.7000000000000028,2.0600000000000023,3
baseline,zoom_blur,2,1.1833333333333325,0.32624121954978874,0.8999999999999986,1.5399999999999991,3
baseline,zoom_blur,3,0.5666666666666652,0.6642539674953648,-0.1700000000000017,1.1199999999999974,3
baseline,zoom_blur,4,-0.340000000000001,0.678454125199338,-1.1099999999999994,0.1700000000000017,3
baseline,zoom_blur,5,-1.0799999999999983,0.18734993995195223,-1.2899999999999991,-0.9299999999999997,3
cutmix_p1,brightness,1,-0.6166666666666742,0.028867513459479646,-0.6500000000000057,-0.6000000000000085,3
cutmix_p1,brightness,2,-0.47999999999999926,0.20518284528683056,-0.6799999999999926,-0.269999999999996,3
cutmix_p1,brightness,3,-0.6166666666666648,0.18009256878986885,-0.7399999999999949,-0.4099999999999966,3
cutmix_p1,brightness,4,-0.21666666666666382,0.765658757759181,-1.0799999999999983,0.37999999999999545,3
cutmix_p1,brightness,5,-0.07000000000000028,1.164345309605358,-1.1399999999999935,1.1700000000000017,3
cutmix_p1,contrast,1,-0.3299999999999983,0.4788527957525174,-0.769999999999996,0.18000000000000682,3
cutmix_p1,contrast,2,0.3166666666666629,0.1361371857110834,0.20999999999999375,0.46999999999999886,3
cutmix_p1,contrast,3,0.8033333333333369,0.52538874496256,0.20000000000000284,1.1600000000000037,3
cutmix_p1,contrast,4,1.4333333333333325,1.1625116486871574,0.10999999999999943,2.289999999999999,3
cutmix_p1,contrast,5,1.4466666666666665,0.49923274465256584,1.0299999999999976,2.0,3
cutmix_p1,defocus_blur,1,-0.3166666666666629,0.25813433195399127,-0.4899999999999949,-0.01999999999999602,3
cutmix_p1,defocus_blur,2,0.26666666666667044,0.6539367961304329,-0.21999999999999886,1.0100000000000051,3
cutmix_p1,defocus_blur,3,0.37333333333333485,0.43247350593225087,-0.030000000000001137,0.8299999999999983,3
cutmix_p1,defocus_blur,4,-0.3200000000000003,0.7019259220174182,-1.1300000000000026,0.10999999999999943,3
cutmix_p1,defocus_blur,5,0.14333333333333442,0.7251436639269044,-0.5899999999999999,0.860000000000003,3
cutmix_p1,elastic_transform,1,-0.15333333333332652,0.32715949219507184,-0.39000000000000057,0.22000000000001307,3
cutmix_p1,elastic_transform,2,0.043333333333331815,0.4521430452117294,-0.28000000000000114,0.5600000000000023,3
cutmix_p1,elastic_transform,3,0.330000000000003,0.19287301521986236,0.10999999999999943,0.47000000000000597,3
cutmix_p1,elastic_transform,4,1.43333333333333,1.0281212639243171,0.269999999999996,2.219999999999999,3
cutmix_p1,elastic_transform,5,2.199999999999998,0.6450581369148043,1.6499999999999986,2.9099999999999966,3
cutmix_p1,fog,1,-0.3966666666666659,0.13051181300301223,-0.5,-0.25,3
cutmix_p1,fog,2,-0.05333333333332746,0.3982880029995052,-0.4899999999999949,0.29000000000000625,3
cutmix_p1,fog,3,0.2100000000000032,0.8098765338000586,-0.3400000000000034,1.1400000000000006,3
cutmix_p1,fog,4,0.38333333333333286,0.7454081655934102,-0.21000000000000085,1.2199999999999989,3
cutmix_p1,fog,5,-0.010000000000000378,1.4982322917358302,-0.8800000000000026,1.7199999999999989,3
cutmix_p1,frost,1,0.013333333333340155,0.4957149718672387,-0.3399999999999892,0.5800000000000125,3
cutmix_p1,frost,2,0.5566666666666672,0.5862024678669745,-0.11999999999999744,0.9099999999999966,3
cutmix_p1,frost,3,0.6233333333333325,1.344408172146139,-0.9099999999999966,1.5999999999999943,3
cutmix_p1,frost,4,0.2766666666666661,1.4700453507743685,-1.4200000000000017,1.1700000000000017,3
cutmix_p1,frost,5,0.7199999999999989,1.6272983746074356,-1.1300000000000026,1.9299999999999962,3
cutmix_p1,gaussian_noise,1,8.85,4.007754982530747,4.409999999999997,12.200000000000003,3
cutmix_p1,gaussian_noise,2,6.0566666666666675,3.276497113280176,2.280000000000001,8.139999999999999,3
cutmix_p1,gaussian_noise,3,3.6633333333333336,1.5451321410589232,1.8900000000000006,4.720000000000001,3
cutmix_p1,gaussian_noise,4,2.729999999999999,1.3387680904473336,1.2699999999999996,3.8999999999999995,3
cutmix_p1,gaussian_noise,5,1.9099999999999995,0.9406380813043881,0.8299999999999992,2.55,3
cutmix_p1,glass_blur,1,-0.03999999999999796,0.6773477688750443,-0.5799999999999983,0.7200000000000024,3
cutmix_p1,glass_blur,2,0.5499999999999995,0.36166282640050207,0.21000000000000085,0.9299999999999997,3
cutmix_p1,glass_blur,3,1.4833333333333318,1.251172783165192,0.03999999999999915,2.259999999999998,3
cutmix_p1,glass_blur,4,0.2933333333333324,0.4789919971495693,-0.23000000000000043,0.7099999999999991,3
cutmix_p1,glass_blur,5,0.6500000000000009,0.5666568626602886,0.0,1.0400000000000027,3
cutmix_p1,impulse_noise,1,2.9933333333333345,3.4053242625825395,-0.07000000000000028,6.659999999999997,3
cutmix_p1,impulse_noise,2,6.18,6.651826816747414,-0.5600000000000023,12.740000000000002,3
cutmix_p1,impulse_noise,3,4.95,5.7426126458259406,-0.8900000000000006,10.590000000000002,3
cutmix_p1,impulse_noise,4,2.2833333333333337,2.30612951356452,0.02000000000000135,4.63,3
cutmix_p1,impulse_noise,5,0.7266666666666667,1.3957196471116011,-0.5099999999999998,2.2399999999999998,3
cutmix_p1,jpeg_compression,1,2.2999999999999994,1.1484337159801588,1.5300000000000011,3.6199999999999974,3
cutmix_p1,jpeg_compression,2,2.9366666666666625,1.658985633853812,1.6199999999999974,4.799999999999997,3
cutmix_p1,jpeg_compression,3,2.8200000000000003,1.2910848151845014,1.740000000000002,4.25,3
cutmix_p1,jpeg_compression,4,2.3933333333333358,1.3292980603812417,1.1300000000000026,3.780000000000001,3
cutmix_p1,jpeg_compression,5,2.616666666666665,1.6883818683382414,0.759999999999998,4.059999999999995,3
cutmix_p1,motion_blur,1,0.5399999999999968,0.6538348415310965,0.09000000000000341,1.289999999999992,3
cutmix_p1,motion_blur,2,0.7733333333333311,0.38004385711827277,0.3399999999999963,1.0499999999999972,3
cutmix_p1,motion_blur,3,0.7933333333333342,0.43546909572704745,0.37000000000000455,1.240000000000002,3
cutmix_p1,motion_blur,4,0.6366666666666655,0.6653069467045509,-0.03999999999999915,1.2899999999999991,3
cutmix_p1,motion_blur,5,0.7200000000000012,0.5325410782277749,0.21999999999999886,1.2800000000000011,3
cutmix_p1,pixelate,1,0.0266666666666661,0.6238856732874402,-0.45999999999999375,0.7299999999999898,3
cutmix_p1,pixelate,2,1.419999999999997,0.6802205524680944,0.7299999999999969,2.0899999999999963,3
cutmix_p1,pixelate,3,2.4466666666666703,0.7655934517309666,1.740000000000002,3.260000000000005,3
cutmix_p1,pixelate,4,4.02,0.6668583057891679,3.25,4.41,3
cutmix_p1,pixelate,5,1.8500000000000003,0.3132091952673155,1.6400000000000006,2.209999999999999,3
cutmix_p1,shot_noise,1,7.9799999999999995,3.4128140881096956,4.189999999999998,10.810000000000002,3
cutmix_p1,shot_noise,2,8.590000000000002,3.819790570175282,4.330000000000002,11.710000000000004,3
cutmix_p1,shot_noise,3,5.319999999999999,2.2899999999999996,2.6799999999999997,6.77,3
cutmix_p1,shot_noise,4,3.9099999999999997,1.627851344564362,2.039999999999999,5.01,3
cutmix_p1,shot_noise,5,2.346666666666667,1.1548737304715755,1.1000000000000005,3.380000000000001,3
cutmix_p1,snow,1,-0.16666666666666194,0.6950059951779741,-0.7299999999999898,0.6099999999999994,3
cutmix_p1,snow,2,-0.5733333333333306,0.9187672900867407,-1.6199999999999974,0.10000000000000142,3
cutmix_p1,snow,3,-0.8699999999999974,0.6755738301621824,-1.6499999999999986,-0.46999999999999886,3
cutmix_p1,snow,4,-0.9366666666666698,0.8358428879480454,-1.75,-0.0800000000000054,3
cutmix_p1,snow,5,-0.5,1.1951568934662953,-1.2000000000000028,0.8800000000000026,3
cutmix_p1,zoom_blur,1,-0.2066666666666682,0.41259342376404484,-0.5900000000000034,0.23000000000000398,3
cutmix_p1,zoom_blur,2,-0.45666666666666816,0.27592269448766654,-0.7700000000000031,-0.25,3
cutmix_p1,zoom_blur,3,-0.7833333333333362,0.7874854496010297,-1.6900000000000048,-0.2700000000000031,3
cutmix_p1,zoom_blur,4,-0.75666666666667,0.7735847292529309,-1.6000000000000014,-0.0800000000000054,3
cutmix_p1,zoom_blur,5,-1.2666666666666682,0.7451398079107939,-2.020000000000003,-0.5300000000000011,3
