control,corruption,severity,mean,std,minimum,maximum,seeds,dataset
baseline,brightness,1,1.0399999999999967,0.029999999999994,1.0100000000000051,1.0699999999999932,3,CIFAR-10
baseline,brightness,2,1.0166666666666704,0.0808290376865455,0.9300000000000068,1.0900000000000034,3,CIFAR-10
baseline,brightness,3,0.8300000000000031,0.2364318083507364,0.6099999999999994,1.0799999999999983,3,CIFAR-10
baseline,brightness,4,0.819999999999998,0.2523885892824763,0.5300000000000011,0.9899999999999948,3,CIFAR-10
baseline,brightness,5,0.9633333333333384,0.1761628034896442,0.8200000000000074,1.1599999999999966,3,CIFAR-10
baseline,contrast,1,1.1366666666666607,0.1700980109623114,1.009999999999991,1.3299999999999983,3,CIFAR-10
baseline,contrast,2,1.9566666666666588,0.2773685875028649,1.6499999999999917,2.1899999999999977,3,CIFAR-10
baseline,contrast,3,2.826666666666668,0.3910669166949995,2.4200000000000017,3.200000000000003,3,CIFAR-10
baseline,contrast,4,5.726666666666664,0.5139390365922104,5.420000000000002,6.319999999999993,3,CIFAR-10
baseline,contrast,5,12.536666666666664,1.6245717384385732,10.72,13.849999999999994,3,CIFAR-10
baseline,defocus_blur,1,1.173333333333332,0.2311565126344765,1.0300000000000011,1.4399999999999975,3,CIFAR-10
baseline,defocus_blur,2,1.0700000000000074,0.3064310689208866,0.8500000000000085,1.4200000000000017,3,CIFAR-10
baseline,defocus_blur,3,-0.1266666666666604,0.2020725942163651,-0.309999999999988,0.0900000000000034,3,CIFAR-10
baseline,defocus_blur,4,-1.6233333333333348,0.8095883727755258,-2.3299999999999983,-0.7400000000000091,3,CIFAR-10
baseline,defocus_blur,5,-7.55,6.070024711646568,-11.869999999999996,-0.6099999999999994,3,CIFAR-10
baseline,elastic_transform,1,1.020000000000001,0.3567912554982188,0.6300000000000097,1.3299999999999983,3,CIFAR-10
baseline,elastic_transform,2,0.953333333333338,0.2478574859336203,0.6700000000000017,1.1300000000000097,3,CIFAR-10
baseline,elastic_transform,3,0.2700000000000055,0.4253234063627348,-0.2099999999999937,0.6000000000000085,3,CIFAR-10
baseline,elastic_transform,4,-0.4666666666666733,0.3493326972004368,-0.8700000000000045,-0.2600000000000051,3,CIFAR-10
baseline,elastic_transform,5,-0.8466666666666688,0.4500370355130003,-1.2999999999999972,-0.4000000000000057,3,CIFAR-10
baseline,fog,1,1.2633333333333308,0.1504437879519622,1.1199999999999903,1.4200000000000017,3,CIFAR-10
baseline,fog,2,1.2533333333333303,0.1350308606701848,1.1200000000000043,1.3899999999999864,3,CIFAR-10
baseline,fog,3,1.1933333333333376,0.1795364401265982,0.9900000000000092,1.3299999999999983,3,CIFAR-10
baseline,fog,4,1.0599999999999976,0.2426932219902287,0.7800000000000011,1.2099999999999935,3,CIFAR-10
baseline,fog,5,-0.6966666666666678,1.0042576030746957,-1.75,0.25,3,CIFAR-10
baseline,frost,1,0.3100000000000023,0.8143095234614395,-0.1799999999999926,1.25,3,CIFAR-10
baseline,frost,2,0.4700000000000036,1.204284019656489,-0.2599999999999909,1.8599999999999997,3,CIFAR-10
baseline,frost,3,1.1833333333333276,2.115096530500043,-0.3800000000000096,3.589999999999989,3,CIFAR-10
baseline,frost,4,1.1366666666666656,2.722762077988688,-0.4899999999999949,4.279999999999987,3,CIFAR-10
baseline,frost,5,2.703333333333336,3.327256126800778,0.6100000000000065,6.539999999999999,3,CIFAR-10
baseline,gaussian_noise,1,-4.293333333333332,3.110391186544435,-7.539999999999992,-1.3400000000000034,3,CIFAR-10
baseline,gaussian_noise,2,-3.9933333333333354,4.764874954637672,-9.090000000000003,0.3500000000000014,3,CIFAR-10
baseline,gaussian_noise,3,-2.236666666666666,2.485484526874658,-4.579999999999998,0.3700000000000045,3,CIFAR-10
baseline,gaussian_noise,4,-1.8766666666666665,0.9657294307068292,-2.8200000000000003,-0.889999999999997,3,CIFAR-10
baseline,gaussian_noise,5,-1.7433333333333323,0.6117461347105786,-2.2399999999999984,-1.0599999999999987,3,CIFAR-10
baseline,glass_blur,1,1.0800000000000007,4.950040403875507,-3.390000000000001,6.399999999999999,3,CIFAR-10
baseline,glass_blur,2,1.150000000000001,3.2466598220324823,-1.9699999999999989,4.509999999999998,3,CIFAR-10
baseline,glass_blur,3,1.2633333333333354,3.68524535592046,-2.5999999999999943,4.740000000000002,3,CIFAR-10
baseline,glass_blur,4,1.4266666666666648,4.74579111775195,-3.0799999999999983,6.379999999999996,3,CIFAR-10
baseline,glass_blur,5,2.1466666666666683,3.156363941837715,-1.1999999999999955,5.07,3,CIFAR-10
baseline,impulse_noise,1,4.403333333333332,0.2400694344004098,4.140000000000001,4.609999999999999,3,CIFAR-10
baseline,impulse_noise,2,3.62666666666667,0.8120550063470612,2.8500000000000085,4.469999999999999,3,CIFAR-10
baseline,impulse_noise,3,0.4133333333333316,0.8886131516769993,-0.6099999999999994,0.9899999999999948,3,CIFAR-10
baseline,impulse_noise,4,2.129999999999999,2.152695984109226,-0.1199999999999974,4.169999999999998,3,CIFAR-10
baseline,impulse_noise,5,5.586666666666667,2.035051186907428,4.120000000000001,7.91,3,CIFAR-10
baseline,jpeg_compression,1,-0.9433333333333328,0.6619919435562195,-1.3599999999999994,-0.1799999999999926,3,CIFAR-10
baseline,jpeg_compression,2,-1.9799999999999995,0.2971531591620712,-2.1899999999999977,-1.6400000000000006,3,CIFAR-10
baseline,jpeg_compression,3,-2.526666666666671,0.0723417813806984,-2.6099999999999994,-2.480000000000004,3,CIFAR-10
baseline,jpeg_compression,4,-3.313333333333337,0.4534681172181034,-3.5900000000000034,-2.7900000000000063,3,CIFAR-10
baseline,jpeg_compression,5,-4.393333333333331,1.1314739649383554,-5.489999999999995,-3.230000000000004,3,CIFAR-10
baseline,motion_blur,1,0.6066666666666644,0.1747378989610925,0.4599999999999937,0.8000000000000114,3,CIFAR-10
baseline,motion_blur,2,-0.4033333333333312,0.5371529887595575,-0.789999999999992,0.2099999999999937,3,CIFAR-10
baseline,motion_blur,3,-0.7766666666666614,0.9222978549976856,-1.8199999999999927,-0.0699999999999931,3,CIFAR-10
baseline,motion_blur,4,-0.8433333333333385,0.8280901722236131,-1.730000000000004,-0.0900000000000034,3,CIFAR-10
baseline,motion_blur,5,-0.8833333333333352,1.5238219493541043,-2.6200000000000045,0.2300000000000039,3,CIFAR-10
baseline,pixelate,1,1.1866666666666674,0.4673685198356174,0.6700000000000017,1.5800000000000125,3,CIFAR-10
baseline,pixelate,2,-0.1466666666666659,0.6439202849214604,-0.8900000000000006,0.2399999999999948,3,CIFAR-10
baseline,pixelate,3,-2.270000000000001,1.090137605992928,-3.3499999999999943,-1.1700000000000017,3,CIFAR-10
baseline,pixelate,4,-8.366666666666672,2.191468305345381,-9.920000000000009,-5.859999999999999,3,CIFAR-10
baseline,pixelate,5,-5.68,2.387613871630003,-8.170000000000002,-3.4099999999999966,3,CIFAR-10
baseline,shot_noise,1,-3.0333333333333363,1.9638058288266032,-4.38000000000001,-0.7800000000000011,3,CIFAR-10
baseline,shot_noise,2,-4.63333333333333,3.110905548764439,-7.700000000000003,-1.4799999999999898,3,CIFAR-10
baseline,shot_noise,3,-3.856666666666667,2.5795413028934715,-6.520000000000003,-1.3699999999999974,3,CIFAR-10
baseline,shot_noise,4,-3.3033333333333346,2.374454323277949,-5.950000000000003,-1.3599999999999994,3,CIFAR-10
baseline,shot_noise,5,-2.986666666666668,0.8994628026401852,-3.5600000000000023,-1.9499999999999995,3,CIFAR-10
baseline,snow,1,2.566666666666668,0.3807011076071827,2.200000000000003,2.960000000000008,3,CIFAR-10
baseline,snow,2,3.37,2.278881304500083,1.980000000000004,6.0,3,CIFAR-10
baseline,snow,3,3.1866666666666625,0.8396626306638437,2.6099999999999994,4.149999999999992,3,CIFAR-10
baseline,snow,4,3.259999999999996,1.4174272468102227,2.009999999999991,4.799999999999997,3,CIFAR-10
baseline,snow,5,2.9366666666666674,1.7614293438379365,1.6799999999999926,4.950000000000003,3,CIFAR-10
baseline,zoom_blur,1,1.12,0.272213151776318,0.9200000000000016,1.4299999999999926,3,CIFAR-10
baseline,zoom_blur,2,-0.666666666666662,1.0556672455529343,-1.3399999999999892,0.5499999999999972,3,CIFAR-10
baseline,zoom_blur,3,-2.569999999999998,1.5439883419248916,-3.739999999999995,-0.8200000000000074,3,CIFAR-10
baseline,zoom_blur,4,-5.296666666666662,2.141175689506432,-6.919999999999988,-2.8699999999999903,3,CIFAR-10
baseline,zoom_blur,5,-8.286666666666669,2.53693384488704,-10.440000000000005,-5.490000000000002,3,CIFAR-10
cutmix_p1,brightness,1,-0.2400000000000043,0.32511536414018,-0.5700000000000074,0.0799999999999983,3,CIFAR-10
cutmix_p1,brightness,2,-0.173333333333332,0.1628905563049417,-0.3599999999999994,-0.0600000000000022,3,CIFAR-10
cutmix_p1,brightness,3,-0.2900000000000015,0.3051229260478397,-0.5999999999999943,0.0099999999999909,3,CIFAR-10
cutmix_p1,brightness,4,-0.273333333333331,0.1159022576714276,-0.3799999999999954,-0.1499999999999914,3,CIFAR-10
cutmix_p1,brightness,5,0.2200000000000036,0.1752141546793421,0.0500000000000113,0.3999999999999915,3,CIFAR-10
cutmix_p1,contrast,1,-0.1200000000000092,0.1646207763315454,-0.220000000000013,0.0699999999999931,3,CIFAR-10
cutmix_p1,contrast,2,-0.0400000000000015,0.1252996408614167,-0.1700000000000017,0.0799999999999983,3,CIFAR-10
cutmix_p1,contrast,3,-0.0733333333333329,0.2640706976045101,-0.3599999999999994,0.1599999999999966,3,CIFAR-10
cutmix_p1,contrast,4,0.3966666666666659,0.5732654998631433,-0.0600000000000022,1.0400000000000065,3,CIFAR-10
cutmix_p1,contrast,5,1.4599999999999984,0.8146778504415094,0.5399999999999991,2.0899999999999963,3,CIFAR-10
cutmix_p1,defocus_blur,1,-0.196666666666663,0.2311565126344809,-0.4399999999999977,0.0200000000000102,3,CIFAR-10
cutmix_p1,defocus_blur,2,-0.119999999999995,0.4014971979977004,-0.5,0.3000000000000113,3,CIFAR-10
cutmix_p1,defocus_blur,3,0.3633333333333392,1.2345174495864126,-0.539999999999992,1.7700000000000102,3,CIFAR-10
cutmix_p1,defocus_blur,4,-0.4299999999999973,2.272355605973669,-2.3699999999999903,2.069999999999993,3,CIFAR-10
cutmix_p1,defocus_blur,5,2.326666666666668,8.04538584117215,-2.619999999999997,11.61,3,CIFAR-10
cutmix_p1,elastic_transform,1,-0.3699999999999998,0.0360555127546425,-0.4000000000000057,-0.3299999999999983,3,CIFAR-10
cutmix_p1,elastic_transform,2,-0.2666666666666704,0.3002221399786025,-0.5600000000000023,0.039999999999992,3,CIFAR-10
cutmix_p1,elastic_transform,3,0.4733333333333386,0.332315111503125,0.0900000000000034,0.6800000000000068,3,CIFAR-10
cutmix_p1,elastic_transform,4,0.5633333333333326,1.0678170879571751,-0.6500000000000057,1.3599999999999994,3,CIFAR-10
cutmix_p1,elastic_transform,5,0.9833333333333344,0.4950084174368531,0.4899999999999949,1.480000000000004,3,CIFAR-10
cutmix_p1,fog,1,-0.1166666666666695,0.207444771766687,-0.3400000000000034,0.0699999999999931,3,CIFAR-10
cutmix_p1,fog,2,-0.0566666666666672,0.3288363321370209,-0.4299999999999926,0.1899999999999977,3,CIFAR-10
cutmix_p1,fog,3,-0.1900000000000024,0.0818535277187212,-0.2600000000000051,-0.1000000000000085,3,CIFAR-10
cutmix_p1,fog,4,0.0466666666666668,0.2970409623828522,-0.1899999999999977,0.3799999999999954,3,CIFAR-10
cutmix_p1,fog,5,-0.2666666666666704,1.280013020767115,-1.5500000000000114,1.0100000000000051,3,CIFAR-10
cutmix_p1,frost,1,-0.3100000000000023,0.355105618091291,-0.6599999999999966,0.0499999999999971,3,CIFAR-10
cutmix_p1,frost,2,-0.4000000000000009,0.1442220510185604,-0.5600000000000023,-0.2800000000000011,3,CIFAR-10
cutmix_p1,frost,3,-0.2199999999999988,1.2810542533397966,-1.4699999999999989,1.0899999999999892,3,CIFAR-10
cutmix_p1,frost,4,-0.173333333333332,1.4249678358943128,-1.259999999999991,1.4399999999999975,3,CIFAR-10
cutmix_p1,frost,5,-0.0100000000000027,1.8624983221468936,-1.6400000000000006,2.019999999999996,3,CIFAR-10
cutmix_p1,gaussian_noise,1,10.336666666666668,2.3003115730990253,8.480000000000004,12.909999999999997,3,CIFAR-10
cutmix_p1,gaussian_noise,2,18.12,8.29535412143448,10.57,27.0,3,CIFAR-10
cutmix_p1,gaussian_noise,3,15.946666666666667,8.568321500348443,7.719999999999999,24.82,3,CIFAR-10
cutmix_p1,gaussian_noise,4,12.903333333333334,6.440165629340081,6.490000000000002,19.37,3,CIFAR-10
cutmix_p1,gaussian_noise,5,10.056666666666668,5.330378348047477,4.690000000000001,15.35,3,CIFAR-10
cutmix_p1,glass_blur,1,-0.5733333333333354,6.282080334836013,-4.280000000000001,6.68,3,CIFAR-10
cutmix_p1,glass_blur,2,-0.5966666666666688,4.966249423189829,-3.719999999999999,5.129999999999996,3,CIFAR-10
cutmix_p1,glass_blur,3,-0.3066666666666625,3.922299495619032,-3.139999999999993,4.170000000000002,3,CIFAR-10
cutmix_p1,glass_blur,4,0.1333333333333328,6.453102612955517,-3.82,7.579999999999998,3,CIFAR-10
cutmix_p1,glass_blur,5,-0.0666666666666652,4.382879570936596,-3.210000000000001,4.940000000000005,3,CIFAR-10
cutmix_p1,impulse_noise,1,2.7666666666666657,1.9478278500250932,0.6699999999999875,4.52000000000001,3,CIFAR-10
cutmix_p1,impulse_noise,2,7.166666666666671,4.289106356029575,2.990000000000009,11.560000000000002,3,CIFAR-10
cutmix_p1,impulse_noise,3,7.9333333333333345,4.532133419630687,4.800000000000004,13.130000000000004,3,CIFAR-10
cutmix_p1,impulse_noise,4,4.506666666666665,4.821331074851979,-0.990000000000002,8.019999999999996,3,CIFAR-10
cutmix_p1,impulse_noise,5,2.6133333333333346,8.480049135077776,-3.469999999999999,12.3,3,CIFAR-10
cutmix_p1,jpeg_compression,1,1.5833333333333333,0.6957250414735207,0.7800000000000011,1.990000000000009,3,CIFAR-10
cutmix_p1,jpeg_compression,2,2.74,0.4199999999999996,2.4399999999999977,3.219999999999999,3,CIFAR-10
cutmix_p1,jpeg_compression,3,3.7900000000000063,0.4995998398718749,3.230000000000004,4.190000000000012,3,CIFAR-10
cutmix_p1,jpeg_compression,4,4.279999999999997,0.7528612089887438,3.4200000000000017,4.819999999999993,3,CIFAR-10
cutmix_p1,jpeg_compression,5,4.609999999999997,0.7350510186374745,3.870000000000005,5.339999999999989,3,CIFAR-10
cutmix_p1,motion_blur,1,-0.2966666666666668,0.4539089482851583,-0.6900000000000119,0.2000000000000028,3,CIFAR-10
cutmix_p1,motion_blur,2,-0.3000000000000019,0.7700000000000041,-1.1800000000000068,0.25,3,CIFAR-10
cutmix_p1,motion_blur,3,-0.75,1.1003635762783095,-1.9899999999999949,0.1099999999999994,3,CIFAR-10
cutmix_p1,motion_blur,4,-0.5333333333333362,0.9645897228010124,-1.5900000000000034,0.2999999999999971,3,CIFAR-10
cutmix_p1,motion_blur,5,-0.5133333333333354,1.6235249715767583,-2.3799999999999955,0.5699999999999932,3,CIFAR-10
cutmix_p1,pixelate,1,0.0666666666666723,0.2676440422152746,-0.2299999999999897,0.2900000000000062,3,CIFAR-10
cutmix_p1,pixelate,2,0.446666666666663,0.7350056689123744,-0.1700000000000017,1.259999999999991,3,CIFAR-10
cutmix_p1,pixelate,3,0.9199999999999968,1.5361966020011857,-0.5799999999999983,2.489999999999995,3,CIFAR-10
cutmix_p1,pixelate,4,4.193333333333331,2.3374416213743903,1.9199999999999944,6.589999999999996,3,CIFAR-10
cutmix_p1,pixelate,5,7.013333333333335,6.87593145205312,1.4200000000000017,14.69,3,CIFAR-10
cutmix_p1,shot_noise,1,6.23333333333333,0.3177000681985014,6.039999999999992,6.599999999999994,3,CIFAR-10
cutmix_p1,shot_noise,2,11.066666666666668,2.749569663298853,8.839999999999996,14.140000000000008,3,CIFAR-10
cutmix_p1,shot_noise,3,17.95333333333333,8.267686093057318,9.809999999999995,26.34,3,CIFAR-10
cutmix_p1,shot_noise,4,16.866666666666664,7.548803437190116,9.46,24.55,3,CIFAR-10
cutmix_p1,shot_noise,5,12.666666666666666,6.355189480521673,6.34,19.05,3,CIFAR-10
cutmix_p1,snow,1,-0.7333333333333295,0.2145538005567153,-0.9799999999999898,-0.5900000000000034,3,CIFAR-10
cutmix_p1,snow,2,-1.0900000000000034,1.0658799181896563,-1.8900000000000008,0.1199999999999903,3,CIFAR-10
cutmix_p1,snow,3,-1.1400000000000006,0.3874274125562097,-1.4300000000000068,-0.7000000000000028,3,CIFAR-10
cutmix_p1,snow,4,-1.2966666666666669,0.3784617990409783,-1.5300000000000011,-0.8599999999999994,3,CIFAR-10
cutmix_p1,snow,5,-0.5866666666666683,0.7259706146486411,-1.289999999999992,0.1599999999999966,3,CIFAR-10
cutmix_p1,zoom_blur,1,0.2866666666666712,0.8258530942808894,-0.2099999999999937,1.2399999999999949,3,CIFAR-10
cutmix_p1,zoom_blur,2,-0.0666666666666628,1.9437678187822085,-1.480000000000004,2.1500000000000057,3,CIFAR-10
cutmix_p1,zoom_blur,3,0.193333333333328,2.9652037591594445,-2.030000000000001,3.559999999999988,3,CIFAR-10
cutmix_p1,zoom_blur,4,0.176666666666667,4.4472163578280455,-2.509999999999991,5.310000000000002,3,CIFAR-10
cutmix_p1,zoom_blur,5,-0.1633333333333316,5.0780934742611175,-3.1499999999999986,5.700000000000003,3,CIFAR-10
baseline,brightness,1,1.8333333333333288,0.1789785834487887,1.6799999999999926,2.030000000000001,3,CIFAR-100
baseline,brightness,2,1.7666666666666655,0.0665832811847952,1.6899999999999975,1.8100000000000025,3,CIFAR-100
baseline,brightness,3,1.4533333333333331,0.2502665245959392,1.210000000000008,1.7099999999999935,3,CIFAR-100
baseline,brightness,4,1.323333333333333,0.8403174003513955,0.4699999999999988,2.1499999999999915,3,CIFAR-100
baseline,brightness,5,0.8399999999999915,2.140747532989351,-1.500000000000007,2.6999999999999886,3,CIFAR-100
baseline,contrast,1,2.123333333333335,0.4565449959569554,1.8400000000000036,2.6500000000000057,3,CIFAR-100
baseline,contrast,2,2.196666666666663,0.7144461724534138,1.7399999999999949,3.019999999999996,3,CIFAR-100
baseline,contrast,3,2.7333333333333365,1.3092873379565444,1.8000000000000045,4.230000000000004,3,CIFAR-100
baseline,contrast,4,2.523333333333331,1.4500114942073157,1.0700000000000005,3.969999999999999,3,CIFAR-100
baseline,contrast,5,2.8200000000000003,0.1900000000000006,2.6099999999999994,2.9800000000000004,3,CIFAR-100
baseline,defocus_blur,1,2.176666666666672,0.404268887416941,1.710000000000008,2.4200000000000017,3,CIFAR-100
baseline,defocus_blur,2,2.00666666666667,0.3937427248005181,1.75,2.460000000000008,3,CIFAR-100
baseline,defocus_blur,3,2.273333333333333,0.6829592471980529,1.730000000000004,3.039999999999999,3,CIFAR-100
baseline,defocus_blur,4,1.8666666666666671,0.2953528962670492,1.5799999999999983,2.1700000000000017,3,CIFAR-100
baseline,defocus_blur,5,-0.7500000000000012,0.883855191759377,-1.7100000000000044,0.0300000000000011,3,CIFAR-100
baseline,elastic_transform,1,2.1166666666666694,0.2042873792805991,1.9699999999999989,2.3500000000000085,3,CIFAR-100
baseline,elastic_transform,2,1.9400000000000024,0.3269556544854371,1.6899999999999975,2.3100000000000023,3,CIFAR-100
baseline,elastic_transform,3,1.7800000000000011,0.3642801120017413,1.3599999999999994,2.010000000000005,3,CIFAR-100
baseline,elastic_transform,4,-0.6600000000000014,0.1999999999999993,-0.8599999999999994,-0.4600000000000008,3,CIFAR-100
baseline,elastic_transform,5,-0.9533333333333356,0.4310839052125857,-1.4200000000000017,-0.5700000000000003,3,CIFAR-100
baseline,fog,1,2.1033333333333246,0.3982880029995052,1.759999999999991,2.539999999999992,3,CIFAR-100
baseline,fog,2,2.020000000000001,0.3109662361093235,1.75,2.3599999999999994,3,CIFAR-100
baseline,fog,3,1.3366666666666684,0.3251666239535334,1.0499999999999972,1.690000000000012,3,CIFAR-100
baseline,fog,4,0.8000000000000019,0.6744627491566922,0.0700000000000002,1.4000000000000057,3,CIFAR-100
baseline,fog,5,-1.3066666666666673,1.4956381023942005,-2.979999999999997,-0.1000000000000014,3,CIFAR-100
baseline,frost,1,0.9266666666666716,0.6636515149785657,0.2099999999999937,1.5200000000000102,3,CIFAR-100
baseline,frost,2,0.5533333333333322,0.6268439465555463,-0.1400000000000005,1.0799999999999983,3,CIFAR-100
baseline,frost,3,0.0033333333333326,0.3426854728950945,-0.3800000000000025,0.2800000000000011,3,CIFAR-100
baseline,frost,4,-0.2066666666666658,0.6182502190321764,-0.6899999999999977,0.490000000000002,3,CIFAR-100
baseline,frost,5,0.1433333333333332,0.6639528095680668,-0.240000000000002,0.9099999999999966,3,CIFAR-100
baseline,gaussian_noise,1,-7.173333333333335,1.6800099206056291,-8.850000000000001,-5.490000000000002,3,CIFAR-100
baseline,gaussian_noise,2,-7.150000000000001,2.066373635139588,-9.0,-4.920000000000002,3,CIFAR-100
baseline,gaussian_noise,3,-4.799999999999999,1.4739063742314158,-5.719999999999999,-3.1,3,CIFAR-100
baseline,gaussian_noise,4,-4.11,1.6455698101265712,-5.08,-2.210000000000001,3,CIFAR-100
baseline,gaussian_noise,5,-3.4233333333333333,1.097375657344983,-4.14,-2.1599999999999997,3,CIFAR-100
baseline,glass_blur,1,0.4200000000000005,0.7014983962918229,-0.379999999999999,0.9299999999999996,3,CIFAR-100
baseline,glass_blur,2,0.6066666666666668,1.0020146372849716,-0.4299999999999997,1.5700000000000005,3,CIFAR-100
baseline,glass_blur,3,0.9133333333333328,1.17500354609394,0.2199999999999988,2.27,3,CIFAR-100
baseline,glass_blur,4,1.5833333333333328,0.6137045977775741,0.879999999999999,2.0100000000000016,3,CIFAR-100
baseline,glass_blur,5,1.0600000000000012,0.700642562224135,0.4600000000000008,1.8300000000000016,3,CIFAR-100
baseline,impulse_noise,1,8.833333333333334,1.0106598504607474,7.890000000000001,9.900000000000006,3,CIFAR-100
baseline,impulse_noise,2,7.936666666666667,2.0750502001959723,5.869999999999997,10.020000000000003,3,CIFAR-100
baseline,impulse_noise,3,3.056666666666666,2.0170357788927142,0.889999999999997,4.879999999999999,3,CIFAR-100
baseline,impulse_noise,4,-0.1933333333333333,0.8723149278404745,-1.1999999999999993,0.3399999999999998,3,CIFAR-100
baseline,impulse_noise,5,-1.0633333333333337,0.6470188044665574,-1.5,-0.3200000000000003,3,CIFAR-100
baseline,jpeg_compression,1,-2.719999999999999,0.8407139822793479,-3.539999999999999,-1.8599999999999997,3,CIFAR-100
baseline,jpeg_compression,2,-4.356666666666669,0.85704920123254,-5.310000000000002,-3.649999999999999,3,CIFAR-100
baseline,jpeg_compression,3,-5.030000000000001,0.8464041587799527,-5.93,-4.25,3,CIFAR-100
baseline,jpeg_compression,4,-5.999999999999997,0.7543871685016936,-6.859999999999999,-5.449999999999996,3,CIFAR-100
baseline,jpeg_compression,5,-6.06666666666667,0.8212389014978135,-6.940000000000005,-5.310000000000002,3,CIFAR-100
baseline,motion_blur,1,1.9833333333333345,0.4735328218121007,1.5700000000000074,2.5,3,CIFAR-100
baseline,motion_blur,2,1.403333333333331,0.2419366308216555,1.1299999999999957,1.5899999999999963,3,CIFAR-100
baseline,motion_blur,3,0.4699999999999988,0.173493515728977,0.269999999999996,0.5799999999999983,3,CIFAR-100
baseline,motion_blur,4,0.423333333333332,0.3920884254008702,0.009999999999998,0.7899999999999991,3,CIFAR-100
baseline,motion_blur,5,0.2566666666666677,0.5750072463311563,-0.3700000000000045,0.7600000000000051,3,CIFAR-100
baseline,pixelate,1,1.2433333333333347,0.5340724045795023,0.9299999999999926,1.8599999999999997,3,CIFAR-100
baseline,pixelate,2,-0.2566666666666701,0.86950177304784,-1.220000000000006,0.4699999999999988,3,CIFAR-100
baseline,pixelate,3,-2.4733333333333314,0.55806212318463,-3.1000000000000014,-2.029999999999994,3,CIFAR-100
baseline,pixelate,4,-10.0,1.4466858677681191,-10.87,-8.330000000000002,3,CIFAR-100
baseline,pixelate,5,-10.233333333333334,1.0281212639243156,-11.02,-9.070000000000002,3,CIFAR-100
baseline,shot_noise,1,-4.126666666666665,1.4709634031250878,-5.740000000000002,-2.8599999999999994,3,CIFAR-100
baseline,shot_noise,2,-7.423333333333329,1.560715647814594,-9.139999999999992,-6.089999999999996,3,CIFAR-100
baseline,shot_noise,3,-6.276666666666666,1.290904075961235,-7.459999999999999,-4.900000000000002,3,CIFAR-100
baseline,shot_noise,4,-5.036666666666666,1.5291936873180376,-6.220000000000001,-3.3099999999999987,3,CIFAR-100
baseline,shot_noise,5,-3.49,1.1777945491468371,-4.17,-2.129999999999999,3,CIFAR-100
baseline,snow,1,4.423333333333342,0.3162804662531873,4.070000000000007,4.680000000000007,3,CIFAR-100
baseline,snow,2,3.8100000000000014,1.2406852945046134,2.740000000000002,5.170000000000002,3,CIFAR-100
baseline,snow,3,4.383333333333336,1.165861627009542,3.3200000000000003,5.630000000000003,3,CIFAR-100
baseline,snow,4,2.963333333333329,0.5101307022061454,2.4599999999999937,3.479999999999997,3,CIFAR-100
baseline,snow,5,1.0966666666666665,1.5556777729765685,0.1099999999999994,2.890000000000001,3,CIFAR-100
baseline,zoom_blur,1,1.9066666666666665,0.1858314648635498,1.7000000000000028,2.0600000000000023,3,CIFAR-100
baseline,zoom_blur,2,1.1833333333333325,0.3262412195497887,0.8999999999999986,1.5399999999999991,3,CIFAR-100
baseline,zoom_blur,3,0.5666666666666652,0.6642539674953648,-0.1700000000000017,1.1199999999999974,3,CIFAR-100
baseline,zoom_blur,4,-0.340000000000001,0.678454125199338,-1.1099999999999994,0.1700000000000017,3,CIFAR-100
baseline,zoom_blur,5,-1.0799999999999983,0.1873499399519522,-1.2899999999999991,-0.9299999999999996,3,CIFAR-100
cutmix_p1,brightness,1,-0.6166666666666742,0.0288675134594796,-0.6500000000000057,-0.6000000000000085,3,CIFAR-100
cutmix_p1,brightness,2,-0.4799999999999992,0.2051828452868305,-0.6799999999999926,-0.269999999999996,3,CIFAR-100
cutmix_p1,brightness,3,-0.6166666666666648,0.1800925687898688,-0.7399999999999949,-0.4099999999999966,3,CIFAR-100
cutmix_p1,brightness,4,-0.2166666666666638,0.765658757759181,-1.0799999999999983,0.3799999999999954,3,CIFAR-100
cutmix_p1,brightness,5,-0.0700000000000002,1.164345309605358,-1.1399999999999937,1.1700000000000017,3,CIFAR-100
cutmix_p1,contrast,1,-0.3299999999999983,0.4788527957525174,-0.769999999999996,0.1800000000000068,3,CIFAR-100
cutmix_p1,contrast,2,0.3166666666666629,0.1361371857110834,0.2099999999999937,0.4699999999999988,3,CIFAR-100
cutmix_p1,contrast,3,0.8033333333333369,0.52538874496256,0.2000000000000028,1.1600000000000037,3,CIFAR-100
cutmix_p1,contrast,4,1.4333333333333325,1.1625116486871574,0.1099999999999994,2.289999999999999,3,CIFAR-100
cutmix_p1,contrast,5,1.4466666666666663,0.4992327446525658,1.0299999999999976,2.0,3,CIFAR-100
cutmix_p1,defocus_blur,1,-0.3166666666666629,0.2581343319539912,-0.4899999999999949,-0.019999999999996,3,CIFAR-100
cutmix_p1,defocus_blur,2,0.2666666666666704,0.6539367961304329,-0.2199999999999988,1.0100000000000051,3,CIFAR-100
cutmix_p1,defocus_blur,3,0.3733333333333348,0.4324735059322508,-0.0300000000000011,0.8299999999999983,3,CIFAR-100
cutmix_p1,defocus_blur,4,-0.3200000000000003,0.7019259220174182,-1.1300000000000026,0.1099999999999994,3,CIFAR-100
cutmix_p1,defocus_blur,5,0.1433333333333344,0.7251436639269044,-0.5899999999999999,0.860000000000003,3,CIFAR-100
cutmix_p1,elastic_transform,1,-0.1533333333333265,0.3271594921950718,-0.3900000000000005,0.220000000000013,3,CIFAR-100
cutmix_p1,elastic_transform,2,0.0433333333333318,0.4521430452117294,-0.2800000000000011,0.5600000000000023,3,CIFAR-100
cutmix_p1,elastic_transform,3,0.330000000000003,0.1928730152198623,0.1099999999999994,0.4700000000000059,3,CIFAR-100
cutmix_p1,elastic_transform,4,1.43333333333333,1.0281212639243171,0.269999999999996,2.219999999999999,3,CIFAR-100
cutmix_p1,elastic_transform,5,2.199999999999998,0.6450581369148043,1.6499999999999986,2.9099999999999966,3,CIFAR-100
cutmix_p1,fog,1,-0.3966666666666659,0.1305118130030122,-0.5,-0.25,3,CIFAR-100
cutmix_p1,fog,2,-0.0533333333333274,0.3982880029995052,-0.4899999999999949,0.2900000000000062,3,CIFAR-100
cutmix_p1,fog,3,0.2100000000000032,0.8098765338000586,-0.3400000000000034,1.1400000000000006,3,CIFAR-100
cutmix_p1,fog,4,0.3833333333333328,0.7454081655934102,-0.2100000000000008,1.2199999999999989,3,CIFAR-100
cutmix_p1,fog,5,-0.0100000000000003,1.4982322917358302,-0.8800000000000026,1.7199999999999989,3,CIFAR-100
cutmix_p1,frost,1,0.0133333333333401,0.4957149718672387,-0.3399999999999892,0.5800000000000125,3,CIFAR-100
cutmix_p1,frost,2,0.5566666666666672,0.5862024678669745,-0.1199999999999974,0.9099999999999966,3,CIFAR-100
cutmix_p1,frost,3,0.6233333333333325,1.344408172146139,-0.9099999999999966,1.5999999999999943,3,CIFAR-100
cutmix_p1,frost,4,0.2766666666666661,1.4700453507743685,-1.4200000000000017,1.1700000000000017,3,CIFAR-100
cutmix_p1,frost,5,0.7199999999999989,1.6272983746074356,-1.1300000000000026,1.929999999999996,3,CIFAR-100
cutmix_p1,gaussian_noise,1,8.85,4.007754982530747,4.409999999999997,12.200000000000005,3,CIFAR-100
cutmix_p1,gaussian_noise,2,6.056666666666668,3.276497113280176,2.280000000000001,8.139999999999999,3,CIFAR-100
cutmix_p1,gaussian_noise,3,3.6633333333333336,1.5451321410589232,1.8900000000000008,4.720000000000001,3,CIFAR-100
cutmix_p1,gaussian_noise,4,2.729999999999999,1.3387680904473336,1.2699999999999996,3.9,3,CIFAR-100
cutmix_p1,gaussian_noise,5,1.9099999999999997,0.940638081304388,0.8299999999999992,2.55,3,CIFAR-100
cutmix_p1,glass_blur,1,-0.0399999999999979,0.6773477688750443,-0.5799999999999983,0.7200000000000024,3,CIFAR-100
cutmix_p1,glass_blur,2,0.5499999999999995,0.361662826400502,0.2100000000000008,0.9299999999999996,3,CIFAR-100
cutmix_p1,glass_blur,3,1.4833333333333318,1.251172783165192,0.0399999999999991,2.259999999999998,3,CIFAR-100
cutmix_p1,glass_blur,4,0.2933333333333324,0.4789919971495693,-0.2300000000000004,0.7099999999999991,3,CIFAR-100
cutmix_p1,glass_blur,5,0.6500000000000009,0.5666568626602886,0.0,1.0400000000000027,3,CIFAR-100
cutmix_p1,impulse_noise,1,2.9933333333333345,3.4053242625825395,-0.0700000000000002,6.659999999999997,3,CIFAR-100
cutmix_p1,impulse_noise,2,6.18,6.651826816747414,-0.5600000000000023,12.740000000000002,3,CIFAR-100
cutmix_p1,impulse_noise,3,4.95,5.7426126458259406,-0.8900000000000006,10.590000000000002,3,CIFAR-100
cutmix_p1,impulse_noise,4,2.2833333333333337,2.30612951356452,0.0200000000000013,4.63,3,CIFAR-100
cutmix_p1,impulse_noise,5,0.7266666666666667,1.3957196471116011,-0.5099999999999998,2.24,3,CIFAR-100
cutmix_p1,jpeg_compression,1,2.2999999999999994,1.1484337159801588,1.5300000000000011,3.619999999999997,3,CIFAR-100
cutmix_p1,jpeg_compression,2,2.9366666666666625,1.658985633853812,1.6199999999999974,4.799999999999997,3,CIFAR-100
cutmix_p1,jpeg_compression,3,2.8200000000000003,1.2910848151845014,1.740000000000002,4.25,3,CIFAR-100
cutmix_p1,jpeg_compression,4,2.393333333333336,1.3292980603812417,1.1300000000000026,3.780000000000001,3,CIFAR-100
cutmix_p1,jpeg_compression,5,2.616666666666665,1.6883818683382414,0.759999999999998,4.059999999999995,3,CIFAR-100
cutmix_p1,motion_blur,1,0.5399999999999968,0.6538348415310965,0.0900000000000034,1.289999999999992,3,CIFAR-100
cutmix_p1,motion_blur,2,0.7733333333333311,0.3800438571182727,0.3399999999999963,1.0499999999999972,3,CIFAR-100
cutmix_p1,motion_blur,3,0.7933333333333342,0.4354690957270474,0.3700000000000045,1.240000000000002,3,CIFAR-100
cutmix_p1,motion_blur,4,0.6366666666666655,0.6653069467045509,-0.0399999999999991,1.2899999999999991,3,CIFAR-100
cutmix_p1,motion_blur,5,0.7200000000000012,0.5325410782277749,0.2199999999999988,1.2800000000000011,3,CIFAR-100
cutmix_p1,pixelate,1,0.0266666666666661,0.6238856732874402,-0.4599999999999937,0.7299999999999898,3,CIFAR-100
cutmix_p1,pixelate,2,1.419999999999997,0.6802205524680944,0.7299999999999969,2.0899999999999963,3,CIFAR-100
cutmix_p1,pixelate,3,2.4466666666666703,0.7655934517309666,1.740000000000002,3.260000000000005,3,CIFAR-100
cutmix_p1,pixelate,4,4.02,0.6668583057891679,3.25,4.41,3,CIFAR-100
cutmix_p1,pixelate,5,1.8500000000000003,0.3132091952673155,1.6400000000000006,2.209999999999999,3,CIFAR-100
cutmix_p1,shot_noise,1,7.979999999999999,3.412814088109696,4.189999999999998,10.810000000000002,3,CIFAR-100
cutmix_p1,shot_noise,2,8.590000000000002,3.819790570175282,4.330000000000002,11.710000000000004,3,CIFAR-100
cutmix_p1,shot_noise,3,5.319999999999999,2.29,2.68,6.77,3,CIFAR-100
cutmix_p1,shot_noise,4,3.91,1.627851344564362,2.039999999999999,5.01,3,CIFAR-100
cutmix_p1,shot_noise,5,2.346666666666667,1.1548737304715757,1.1000000000000003,3.380000000000001,3,CIFAR-100
cutmix_p1,snow,1,-0.1666666666666619,0.6950059951779741,-0.7299999999999898,0.6099999999999994,3,CIFAR-100
cutmix_p1,snow,2,-0.5733333333333306,0.9187672900867409,-1.6199999999999974,0.1000000000000014,3,CIFAR-100
cutmix_p1,snow,3,-0.8699999999999974,0.6755738301621824,-1.6499999999999986,-0.4699999999999988,3,CIFAR-100
cutmix_p1,snow,4,-0.9366666666666698,0.8358428879480454,-1.75,-0.0800000000000054,3,CIFAR-100
cutmix_p1,snow,5,-0.5,1.1951568934662953,-1.2000000000000028,0.8800000000000026,3,CIFAR-100
cutmix_p1,zoom_blur,1,-0.2066666666666682,0.4125934237640448,-0.5900000000000034,0.2300000000000039,3,CIFAR-100
cutmix_p1,zoom_blur,2,-0.4566666666666681,0.2759226944876665,-0.7700000000000031,-0.25,3,CIFAR-100
cutmix_p1,zoom_blur,3,-0.7833333333333362,0.7874854496010297,-1.6900000000000048,-0.2700000000000031,3,CIFAR-100
cutmix_p1,zoom_blur,4,-0.75666666666667,0.7735847292529309,-1.6000000000000014,-0.0800000000000054,3,CIFAR-100
cutmix_p1,zoom_blur,5,-1.2666666666666682,0.7451398079107939,-2.020000000000003,-0.5300000000000011,3,CIFAR-100
