method,seed,category,severity,accuracy,baseline,delta
augmix,42,blur,1,89.015,81.495,7.519999999999996
augmix,42,blur,2,88.5275,79.4875,9.040000000000006
augmix,42,blur,3,87.9675,75.72,12.247500000000002
augmix,42,blur,4,83.57000000000001,68.4725,15.09750000000001
augmix,42,blur,5,81.73,58.935,22.795
augmix,42,digital,1,92.7125,90.48,2.2325000000000017
augmix,42,digital,2,90.85,87.00999999999999,3.8400000000000034
augmix,42,digital,3,89.2625,83.5275,5.734999999999999
augmix,42,digital,4,84.6075,74.995,9.612499999999997
augmix,42,digital,5,72.16499999999999,58.16,14.004999999999995
augmix,42,noise,1,91.65333333333335,81.48333333333333,10.170000000000016
augmix,42,noise,2,87.94,67.98333333333333,19.956666666666663
augmix,42,noise,3,81.44666666666667,52.15,29.296666666666674
augmix,42,noise,4,75.06333333333333,40.983333333333334,34.08
augmix,42,noise,5,66.32000000000001,30.13,36.19000000000001
augmix,42,weather,1,93.7425,91.5675,2.1750000000000114
augmix,42,weather,2,91.6825,87.09,4.592500000000001
augmix,42,weather,3,89.9625,84.97749999999999,4.985000000000014
augmix,42,weather,4,88.6425,82.525,6.117499999999993
augmix,42,weather,5,84.1875,73.495,10.692499999999995
augmix,43,blur,1,88.1275,82.3775,5.75
augmix,43,blur,2,87.705,79.9625,7.742499999999993
augmix,43,blur,3,87.1125,76.1525,10.959999999999994
augmix,43,blur,4,82.8825,68.965,13.91749999999999
augmix,43,blur,5,80.525,58.7175,21.807500000000005
augmix,43,digital,1,92.3475,90.66499999999999,1.6825000000000045
augmix,43,digital,2,90.8675,87.1625,3.7050000000000125
augmix,43,digital,3,89.42,83.6225,5.797499999999999
augmix,43,digital,4,84.825,74.36,10.465000000000003
augmix,43,digital,5,71.795,57.449999999999996,14.345000000000006
augmix,43,noise,1,91.19333333333333,82.93666666666667,8.25666666666666
augmix,43,noise,2,86.51666666666667,68.86,17.656666666666666
augmix,43,noise,3,78.96333333333332,50.81333333333333,28.14999999999999
augmix,43,noise,4,71.81,38.660000000000004,33.15
augmix,43,noise,5,62.0,27.05,34.95
augmix,43,weather,1,93.495,91.9125,1.5825000000000102
augmix,43,weather,2,91.06,87.9875,3.072500000000005
augmix,43,weather,3,89.58,85.735,3.844999999999999
augmix,43,weather,4,88.07,83.7625,4.30749999999999
augmix,43,weather,5,83.0925,74.8125,8.280000000000001
augmix,44,blur,1,88.16,82.5575,5.602499999999992
augmix,44,blur,2,88.00999999999999,80.155,7.85499999999999
augmix,44,blur,3,87.33500000000001,76.0875,11.247500000000002
augmix,44,blur,4,82.625,68.71000000000001,13.914999999999992
augmix,44,blur,5,80.64750000000001,58.235,22.41250000000001
augmix,44,digital,1,92.6,91.21000000000001,1.3899999999999864
augmix,44,digital,2,91.0325,87.82249999999999,3.210000000000008
augmix,44,digital,3,89.55250000000001,84.3175,5.235000000000014
augmix,44,digital,4,84.2475,75.17750000000001,9.069999999999993
augmix,44,digital,5,71.7825,57.137499999999996,14.645000000000003
augmix,44,noise,1,91.55666666666667,81.57666666666667,9.980000000000004
augmix,44,noise,2,87.33666666666666,65.19666666666666,22.14
augmix,44,noise,3,80.31333333333333,45.876666666666665,34.43666666666667
augmix,44,noise,4,73.89,32.07,41.82
augmix,44,noise,5,64.98666666666666,22.39,42.596666666666664
augmix,44,weather,1,93.7675,92.4375,1.3299999999999983
augmix,44,weather,2,91.46000000000001,88.68,2.780000000000001
augmix,44,weather,3,90.0325,86.41499999999999,3.617500000000007
augmix,44,weather,4,88.6075,84.7425,3.864999999999995
augmix,44,weather,5,83.83500000000001,76.535,7.300000000000011
baseline,42,blur,1,81.495,81.495,0.0
baseline,42,blur,2,79.4875,79.4875,0.0
baseline,42,blur,3,75.72,75.72,0.0
baseline,42,blur,4,68.4725,68.4725,0.0
baseline,42,blur,5,58.935,58.935,0.0
baseline,42,digital,1,90.48,90.48,0.0
baseline,42,digital,2,87.00999999999999,87.00999999999999,0.0
baseline,42,digital,3,83.5275,83.5275,0.0
baseline,42,digital,4,74.995,74.995,0.0
baseline,42,digital,5,58.16,58.16,0.0
baseline,42,noise,1,81.48333333333333,81.48333333333333,0.0
baseline,42,noise,2,67.98333333333333,67.98333333333333,0.0
baseline,42,noise,3,52.15,52.15,0.0
baseline,42,noise,4,40.983333333333334,40.983333333333334,0.0
baseline,42,noise,5,30.13,30.13,0.0
baseline,42,weather,1,91.5675,91.5675,0.0
baseline,42,weather,2,87.09,87.09,0.0
baseline,42,weather,3,84.97749999999999,84.97749999999999,0.0
baseline,42,weather,4,82.525,82.525,0.0
baseline,42,weather,5,73.495,73.495,0.0
baseline,43,blur,1,82.3775,82.3775,0.0
baseline,43,blur,2,79.9625,79.9625,0.0
baseline,43,blur,3,76.1525,76.1525,0.0
baseline,43,blur,4,68.965,68.965,0.0
baseline,43,blur,5,58.7175,58.7175,0.0
baseline,43,digital,1,90.66499999999999,90.66499999999999,0.0
baseline,43,digital,2,87.1625,87.1625,0.0
baseline,43,digital,3,83.6225,83.6225,0.0
baseline,43,digital,4,74.36,74.36,0.0
baseline,43,digital,5,57.449999999999996,57.449999999999996,0.0
baseline,43,noise,1,82.93666666666667,82.93666666666667,0.0
baseline,43,noise,2,68.86,68.86,0.0
baseline,43,noise,3,50.81333333333333,50.81333333333333,0.0
baseline,43,noise,4,38.660000000000004,38.660000000000004,0.0
baseline,43,noise,5,27.05,27.05,0.0
baseline,43,weather,1,91.9125,91.9125,0.0
baseline,43,weather,2,87.9875,87.9875,0.0
baseline,43,weather,3,85.735,85.735,0.0
baseline,43,weather,4,83.7625,83.7625,0.0
baseline,43,weather,5,74.8125,74.8125,0.0
baseline,44,blur,1,82.5575,82.5575,0.0
baseline,44,blur,2,80.155,80.155,0.0
baseline,44,blur,3,76.0875,76.0875,0.0
baseline,44,blur,4,68.71000000000001,68.71000000000001,0.0
baseline,44,blur,5,58.235,58.235,0.0
baseline,44,digital,1,91.21000000000001,91.21000000000001,0.0
baseline,44,digital,2,87.82249999999999,87.82249999999999,0.0
baseline,44,digital,3,84.3175,84.3175,0.0
baseline,44,digital,4,75.17750000000001,75.17750000000001,0.0
baseline,44,digital,5,57.137499999999996,57.137499999999996,0.0
baseline,44,noise,1,81.57666666666667,81.57666666666667,0.0
baseline,44,noise,2,65.19666666666666,65.19666666666666,0.0
baseline,44,noise,3,45.876666666666665,45.876666666666665,0.0
baseline,44,noise,4,32.07,32.07,0.0
baseline,44,noise,5,22.39,22.39,0.0
baseline,44,weather,1,92.4375,92.4375,0.0
baseline,44,weather,2,88.68,88.68,0.0
baseline,44,weather,3,86.41499999999999,86.41499999999999,0.0
baseline,44,weather,4,84.7425,84.7425,0.0
baseline,44,weather,5,76.535,76.535,0.0
cutmix,42,blur,1,82.4,81.495,0.9050000000000011
cutmix,42,blur,2,79.59,79.4875,0.10250000000000625
cutmix,42,blur,3,75.01,75.72,-0.7099999999999937
cutmix,42,blur,4,66.505,68.4725,-1.9675000000000011
cutmix,42,blur,5,54.3075,58.935,-4.627500000000005
cutmix,42,digital,1,91.03,90.48,0.5499999999999972
cutmix,42,digital,2,86.8425,87.00999999999999,-0.16749999999998977
cutmix,42,digital,3,81.91749999999999,83.5275,-1.6100000000000136
cutmix,42,digital,4,70.715,74.995,-4.280000000000001
cutmix,42,digital,5,54.985,58.16,-3.174999999999997
cutmix,42,noise,1,75.58666666666666,81.48333333333333,-5.896666666666675
cutmix,42,noise,2,53.846666666666664,67.98333333333333,-14.13666666666667
cutmix,42,noise,3,32.96,52.15,-19.189999999999998
cutmix,42,noise,4,22.94333333333333,40.983333333333334,-18.040000000000003
cutmix,42,noise,5,15.406666666666666,30.13,-14.723333333333333
cutmix,42,weather,1,93.5425,91.5675,1.9750000000000085
cutmix,42,weather,2,89.7875,87.09,2.697499999999991
cutmix,42,weather,3,87.5625,84.97749999999999,2.585000000000008
cutmix,42,weather,4,85.28999999999999,82.525,2.7649999999999864
cutmix,42,weather,5,76.14,73.495,2.644999999999996
cutmix,43,blur,1,83.545,82.3775,1.167500000000004
cutmix,43,blur,2,80.8375,79.9625,0.875
cutmix,43,blur,3,76.2125,76.1525,0.060000000000002274
cutmix,43,blur,4,68.3175,68.965,-0.647500000000008
cutmix,43,blur,5,56.162499999999994,58.7175,-2.555000000000007
cutmix,43,digital,1,91.135,90.66499999999999,0.4700000000000131
cutmix,43,digital,2,86.7125,87.1625,-0.44999999999998863
cutmix,43,digital,3,82.1675,83.6225,-1.4549999999999983
cutmix,43,digital,4,70.975,74.36,-3.385000000000005
cutmix,43,digital,5,53.165,57.449999999999996,-4.284999999999997
cutmix,43,noise,1,73.61666666666666,82.93666666666667,-9.320000000000007
cutmix,43,noise,2,51.89666666666667,68.86,-16.96333333333333
cutmix,43,noise,3,32.02,50.81333333333333,-18.79333333333333
cutmix,43,noise,4,23.72,38.660000000000004,-14.940000000000005
cutmix,43,noise,5,19.24,27.05,-7.810000000000002
cutmix,43,weather,1,93.5375,91.9125,1.625
cutmix,43,weather,2,89.64,87.9875,1.6525000000000034
cutmix,43,weather,3,87.4725,85.735,1.7374999999999972
cutmix,43,weather,4,85.61,83.7625,1.8474999999999966
cutmix,43,weather,5,76.41499999999999,74.8125,1.602499999999992
cutmix,44,blur,1,84.055,82.5575,1.4975000000000023
cutmix,44,blur,2,80.85249999999999,80.155,0.6974999999999909
cutmix,44,blur,3,75.455,76.0875,-0.6325000000000074
cutmix,44,blur,4,67.0625,68.71000000000001,-1.647500000000008
cutmix,44,blur,5,53.3,58.235,-4.935000000000002
cutmix,44,digital,1,91.12,91.21000000000001,-0.09000000000000341
cutmix,44,digital,2,86.8675,87.82249999999999,-0.9549999999999841
cutmix,44,digital,3,82.275,84.3175,-2.0424999999999898
cutmix,44,digital,4,70.9525,75.17750000000001,-4.2250000000000085
cutmix,44,digital,5,55.26,57.137499999999996,-1.8774999999999977
cutmix,44,noise,1,74.53333333333333,81.57666666666667,-7.0433333333333366
cutmix,44,noise,2,54.94333333333333,65.19666666666666,-10.25333333333333
cutmix,44,noise,3,36.34666666666667,45.876666666666665,-9.529999999999994
cutmix,44,noise,4,27.723333333333333,32.07,-4.346666666666668
cutmix,44,noise,5,20.44333333333333,22.39,-1.946666666666669
cutmix,44,weather,1,93.77250000000001,92.4375,1.335000000000008
cutmix,44,weather,2,90.2025,88.68,1.5224999999999937
cutmix,44,weather,3,88.2675,86.41499999999999,1.8525000000000063
cutmix,44,weather,4,86.11,84.7425,1.3674999999999926
cutmix,44,weather,5,77.2,76.535,0.6650000000000063
mixup,42,blur,1,86.9625,81.495,5.467500000000001
mixup,42,blur,2,84.9175,79.4875,5.430000000000007
mixup,42,blur,3,82.2575,75.72,6.537499999999994
mixup,42,blur,4,75.535,68.4725,7.0625
mixup,42,blur,5,67.5375,58.935,8.602499999999992
mixup,42,digital,1,92.1875,90.48,1.707499999999996
mixup,42,digital,2,89.8825,87.00999999999999,2.8725000000000023
mixup,42,digital,3,87.2525,83.5275,3.7249999999999943
mixup,42,digital,4,79.635,74.995,4.640000000000001
mixup,42,digital,5,69.19749999999999,58.16,11.037499999999994
mixup,42,noise,1,84.60666666666667,81.48333333333333,3.123333333333335
mixup,42,noise,2,71.33666666666666,67.98333333333333,3.3533333333333246
mixup,42,noise,3,54.866666666666674,52.15,2.7166666666666757
mixup,42,noise,4,44.85333333333333,40.983333333333334,3.8699999999999974
mixup,42,noise,5,34.36,30.13,4.23
mixup,42,weather,1,94.0175,91.5675,2.450000000000003
mixup,42,weather,2,91.835,87.09,4.74499999999999
mixup,42,weather,3,90.94749999999999,84.97749999999999,5.969999999999999
mixup,42,weather,4,89.83,82.525,7.304999999999993
mixup,42,weather,5,83.58500000000001,73.495,10.090000000000003
mixup,43,blur,1,87.35249999999999,82.3775,4.974999999999994
mixup,43,blur,2,85.6275,79.9625,5.664999999999992
mixup,43,blur,3,83.37,76.1525,7.217500000000001
mixup,43,blur,4,76.425,68.965,7.459999999999994
mixup,43,blur,5,68.57249999999999,58.7175,9.85499999999999
mixup,43,digital,1,92.24,90.66499999999999,1.5750000000000028
mixup,43,digital,2,89.605,87.1625,2.4425000000000097
mixup,43,digital,3,87.1425,83.6225,3.519999999999996
mixup,43,digital,4,79.29,74.36,4.930000000000007
mixup,43,digital,5,67.7,57.449999999999996,10.250000000000007
mixup,43,noise,1,83.46666666666667,82.93666666666667,0.5300000000000011
mixup,43,noise,2,68.44666666666667,68.86,-0.4133333333333269
mixup,43,noise,3,48.70666666666667,50.81333333333333,-2.106666666666662
mixup,43,noise,4,35.63666666666666,38.660000000000004,-3.0233333333333405
mixup,43,noise,5,24.413333333333338,27.05,-2.636666666666663
mixup,43,weather,1,93.905,91.9125,1.9925000000000068
mixup,43,weather,2,91.58,87.9875,3.592500000000001
mixup,43,weather,3,90.4275,85.735,4.6924999999999955
mixup,43,weather,4,89.12,83.7625,5.357500000000002
mixup,43,weather,5,82.5325,74.8125,7.719999999999999
mixup,44,blur,1,85.5875,82.5575,3.030000000000001
mixup,44,blur,2,83.84,80.155,3.6850000000000023
mixup,44,blur,3,82.0125,76.0875,5.924999999999997
mixup,44,blur,4,75.0925,68.71000000000001,6.382499999999993
mixup,44,blur,5,68.5575,58.235,10.322500000000005
mixup,44,digital,1,92.305,91.21000000000001,1.0949999999999989
mixup,44,digital,2,89.8375,87.82249999999999,2.015000000000015
mixup,44,digital,3,87.11,84.3175,2.792500000000004
mixup,44,digital,4,79.86,75.17750000000001,4.68249999999999
mixup,44,digital,5,68.69,57.137499999999996,11.552500000000002
mixup,44,noise,1,84.53333333333335,81.57666666666667,2.9566666666666777
mixup,44,noise,2,71.02333333333333,65.19666666666666,5.826666666666668
mixup,44,noise,3,54.60999999999999,45.876666666666665,8.733333333333327
mixup,44,noise,4,44.21333333333333,32.07,12.14333333333333
mixup,44,noise,5,33.79,22.39,11.399999999999999
mixup,44,weather,1,93.7125,92.4375,1.2750000000000057
mixup,44,weather,2,91.165,88.68,2.4849999999999994
mixup,44,weather,3,90.135,86.41499999999999,3.720000000000013
mixup,44,weather,4,88.55,84.7425,3.8074999999999903
mixup,44,weather,5,81.52250000000001,76.535,4.987500000000011
randaugment,42,blur,1,88.14,81.495,6.644999999999996
randaugment,42,blur,2,86.695,79.4875,7.207499999999996
randaugment,42,blur,3,83.8925,75.72,8.1725
randaugment,42,blur,4,76.4975,68.4725,8.025000000000006
randaugment,42,blur,5,67.3325,58.935,8.397499999999994
randaugment,42,digital,1,92.38,90.48,1.8999999999999915
randaugment,42,digital,2,90.17500000000001,87.00999999999999,3.1650000000000205
randaugment,42,digital,3,87.7925,83.5275,4.265000000000001
randaugment,42,digital,4,80.1575,74.995,5.162499999999994
randaugment,42,digital,5,65.6225,58.16,7.462500000000006
randaugment,42,noise,1,87.67999999999999,81.48333333333333,6.196666666666658
randaugment,42,noise,2,79.58,67.98333333333333,11.596666666666664
randaugment,42,noise,3,67.62333333333333,52.15,15.473333333333336
randaugment,42,noise,4,60.39000000000001,40.983333333333334,19.406666666666673
randaugment,42,noise,5,50.199999999999996,30.13,20.069999999999997
randaugment,42,weather,1,93.6725,91.5675,2.105000000000004
randaugment,42,weather,2,91.4275,87.09,4.3374999999999915
randaugment,42,weather,3,89.74249999999999,84.97749999999999,4.765000000000001
randaugment,42,weather,4,87.905,82.525,5.3799999999999955
randaugment,42,weather,5,82.07,73.495,8.574999999999989
randaugment,43,blur,1,88.4275,82.3775,6.049999999999997
randaugment,43,blur,2,86.85249999999999,79.9625,6.889999999999986
randaugment,43,blur,3,83.885,76.1525,7.732500000000002
randaugment,43,blur,4,76.89750000000001,68.965,7.9325000000000045
randaugment,43,blur,5,69.07,58.7175,10.352499999999992
randaugment,43,digital,1,92.12,90.66499999999999,1.4550000000000125
randaugment,43,digital,2,89.6875,87.1625,2.5250000000000057
randaugment,43,digital,3,86.8875,83.6225,3.2650000000000006
randaugment,43,digital,4,78.395,74.36,4.034999999999997
randaugment,43,digital,5,64.22,57.449999999999996,6.770000000000003
randaugment,43,noise,1,87.42,82.93666666666667,4.483333333333334
randaugment,43,noise,2,79.69333333333333,68.86,10.833333333333329
randaugment,43,noise,3,68.20333333333333,50.81333333333333,17.39
randaugment,43,noise,4,60.32333333333333,38.660000000000004,21.663333333333327
randaugment,43,noise,5,49.93333333333334,27.05,22.883333333333336
randaugment,43,weather,1,93.72,91.9125,1.8075000000000045
randaugment,43,weather,2,91.295,87.9875,3.3075000000000045
randaugment,43,weather,3,89.75,85.735,4.015000000000001
randaugment,43,weather,4,87.93,83.7625,4.167500000000004
randaugment,43,weather,5,81.875,74.8125,7.0625
randaugment,44,blur,1,88.355,82.5575,5.797499999999999
randaugment,44,blur,2,86.7675,80.155,6.612499999999997
randaugment,44,blur,3,83.2975,76.0875,7.209999999999994
randaugment,44,blur,4,76.0325,68.71000000000001,7.322499999999991
randaugment,44,blur,5,67.2825,58.235,9.0475
randaugment,44,digital,1,92.6075,91.21000000000001,1.3974999999999937
randaugment,44,digital,2,90.5,87.82249999999999,2.677500000000009
randaugment,44,digital,3,87.9,84.3175,3.5825000000000102
randaugment,44,digital,4,79.4375,75.17750000000001,4.259999999999991
randaugment,44,digital,5,67.37,57.137499999999996,10.232500000000009
randaugment,44,noise,1,88.74666666666667,81.57666666666667,7.170000000000002
randaugment,44,noise,2,81.12666666666667,65.19666666666666,15.930000000000007
randaugment,44,noise,3,69.55666666666667,45.876666666666665,23.680000000000007
randaugment,44,noise,4,61.73333333333333,32.07,29.663333333333327
randaugment,44,noise,5,51.403333333333336,22.39,29.013333333333335
randaugment,44,weather,1,93.9825,92.4375,1.5450000000000017
randaugment,44,weather,2,91.82249999999999,88.68,3.142499999999984
randaugment,44,weather,3,90.285,86.41499999999999,3.8700000000000045
randaugment,44,weather,4,88.85,84.7425,4.1074999999999875
randaugment,44,weather,5,83.3,76.535,6.765000000000001
