method,seed,corruption,accuracy,baseline,delta
augmix,42,brightness,93.904,92.694,1.2099999999999937
augmix,42,contrast,86.404,75.692,10.712000000000003
augmix,42,defocus_blur,93.036,82.34200000000001,10.693999999999988
augmix,42,elastic_transform,88.80199999999999,84.262,4.539999999999992
augmix,42,fog,91.39,87.458,3.932000000000002
augmix,42,frost,86.478,74.96000000000001,11.517999999999986
augmix,42,gaussian_noise,77.04400000000001,48.376,28.668000000000013
augmix,42,glass_blur,70.42,53.010000000000005,17.409999999999997
augmix,42,impulse_noise,81.2,55.146,26.054000000000002
augmix,42,jpeg_compression,84.42,79.49600000000001,4.923999999999992
augmix,42,motion_blur,89.94800000000001,78.866,11.082000000000008
augmix,42,pixelate,84.05199999999999,75.888,8.163999999999987
augmix,42,shot_noise,83.21000000000001,60.116,23.09400000000001
augmix,42,snow,86.80199999999999,80.612,6.189999999999998
augmix,42,zoom_blur,91.244,77.07000000000001,14.173999999999992
augmix,43,brightness,93.52799999999999,92.944,0.583999999999989
augmix,43,contrast,84.80199999999999,76.408,8.393999999999991
augmix,43,defocus_blur,92.50800000000001,82.534,9.974000000000004
augmix,43,elastic_transform,88.53200000000001,84.346,4.186000000000007
augmix,43,fog,90.858,87.664,3.1940000000000026
augmix,43,frost,85.38399999999999,76.848,8.535999999999987
augmix,43,gaussian_noise,73.66,46.562,27.098
augmix,43,glass_blur,68.756,54.888,13.868000000000002
augmix,43,impulse_noise,79.974,55.738,24.236000000000004
augmix,43,jpeg_compression,84.648,79.588,5.060000000000002
augmix,43,motion_blur,89.298,77.24600000000001,12.051999999999992
augmix,43,pixelate,85.422,74.26599999999999,11.156000000000006
augmix,43,shot_noise,80.65599999999999,58.69200000000001,21.963999999999984
augmix,43,snow,86.46799999999999,81.912,4.555999999999983
augmix,43,zoom_blur,90.52000000000001,78.272,12.248000000000005
augmix,44,brightness,93.914,93.428,0.4860000000000042
augmix,44,contrast,86.258,77.134,9.123999999999995
augmix,44,defocus_blur,92.934,82.40599999999999,10.528000000000006
augmix,44,elastic_transform,88.44000000000001,84.642,3.798000000000016
augmix,44,fog,91.298,88.9,2.397999999999996
augmix,44,frost,86.264,78.15,8.11399999999999
augmix,44,gaussian_noise,75.352,42.536,32.816
augmix,44,glass_blur,67.506,54.342,13.164000000000001
augmix,44,impulse_noise,81.06800000000001,50.275999999999996,30.792000000000016
augmix,44,jpeg_compression,84.85,79.588,5.2620000000000005
augmix,44,motion_blur,89.906,78.386,11.52000000000001
augmix,44,pixelate,83.824,75.16799999999999,8.656000000000006
augmix,44,shot_noise,82.42999999999999,55.45399999999999,26.976
augmix,44,snow,86.686,82.57000000000001,4.116
augmix,44,zoom_blur,91.076,77.462,13.61399999999999
baseline,42,brightness,92.694,92.694,0.0
baseline,42,contrast,75.692,75.692,0.0
baseline,42,defocus_blur,82.34200000000001,82.34200000000001,0.0
baseline,42,elastic_transform,84.262,84.262,0.0
baseline,42,fog,87.458,87.458,0.0
baseline,42,frost,74.96000000000001,74.96000000000001,0.0
baseline,42,gaussian_noise,48.376,48.376,0.0
baseline,42,glass_blur,53.010000000000005,53.010000000000005,0.0
baseline,42,impulse_noise,55.146,55.146,0.0
baseline,42,jpeg_compression,79.49600000000001,79.49600000000001,0.0
baseline,42,motion_blur,78.866,78.866,0.0
baseline,42,pixelate,75.888,75.888,0.0
baseline,42,shot_noise,60.116,60.116,0.0
baseline,42,snow,80.612,80.612,0.0
baseline,42,zoom_blur,77.07000000000001,77.07000000000001,0.0
baseline,43,brightness,92.944,92.944,0.0
baseline,43,contrast,76.408,76.408,0.0
baseline,43,defocus_blur,82.534,82.534,0.0
baseline,43,elastic_transform,84.346,84.346,0.0
baseline,43,fog,87.664,87.664,0.0
baseline,43,frost,76.848,76.848,0.0
baseline,43,gaussian_noise,46.562,46.562,0.0
baseline,43,glass_blur,54.888,54.888,0.0
baseline,43,impulse_noise,55.738,55.738,0.0
baseline,43,jpeg_compression,79.588,79.588,0.0
baseline,43,motion_blur,77.24600000000001,77.24600000000001,0.0
baseline,43,pixelate,74.26599999999999,74.26599999999999,0.0
baseline,43,shot_noise,58.69200000000001,58.69200000000001,0.0
baseline,43,snow,81.912,81.912,0.0
baseline,43,zoom_blur,78.272,78.272,0.0
baseline,44,brightness,93.428,93.428,0.0
baseline,44,contrast,77.134,77.134,0.0
baseline,44,defocus_blur,82.40599999999999,82.40599999999999,0.0
baseline,44,elastic_transform,84.642,84.642,0.0
baseline,44,fog,88.9,88.9,0.0
baseline,44,frost,78.15,78.15,0.0
baseline,44,gaussian_noise,42.536,42.536,0.0
baseline,44,glass_blur,54.342,54.342,0.0
baseline,44,impulse_noise,50.275999999999996,50.275999999999996,0.0
baseline,44,jpeg_compression,79.588,79.588,0.0
baseline,44,motion_blur,78.386,78.386,0.0
baseline,44,pixelate,75.16799999999999,75.16799999999999,0.0
baseline,44,shot_noise,55.45399999999999,55.45399999999999,0.0
baseline,44,snow,82.57000000000001,82.57000000000001,0.0
baseline,44,zoom_blur,77.462,77.462,0.0
cutmix,42,brightness,94.002,92.694,1.3079999999999927
cutmix,42,contrast,80.546,75.692,4.854000000000013
cutmix,42,defocus_blur,80.89200000000001,82.34200000000001,-1.4500000000000028
cutmix,42,elastic_transform,84.056,84.262,-0.20600000000000307
cutmix,42,fog,88.69,87.458,1.2319999999999993
cutmix,42,frost,77.6,74.96000000000001,2.6399999999999864
cutmix,42,gaussian_noise,27.592000000000002,48.376,-20.783999999999995
cutmix,42,glass_blur,52.73,53.010000000000005,-0.28000000000000824
cutmix,42,impulse_noise,52.81,55.146,-2.3359999999999985
cutmix,42,jpeg_compression,73.72200000000001,79.49600000000001,-5.774000000000001
cutmix,42,motion_blur,77.572,78.866,-1.293999999999997
cutmix,42,pixelate,70.068,75.888,-5.820000000000007
cutmix,42,shot_noise,40.044,60.116,-20.072000000000003
cutmix,42,snow,85.566,80.612,4.954000000000008
cutmix,42,zoom_blur,75.05600000000001,77.07000000000001,-2.013999999999996
cutmix,43,brightness,94.014,92.944,1.0699999999999932
cutmix,43,contrast,80.874,76.408,4.465999999999994
cutmix,43,defocus_blur,81.592,82.534,-0.9420000000000073
cutmix,43,elastic_transform,84.95,84.346,0.6039999999999992
cutmix,43,fog,89.036,87.664,1.3719999999999999
cutmix,43,frost,77.404,76.848,0.5559999999999974
cutmix,43,gaussian_noise,28.369999999999997,46.562,-18.192
cutmix,43,glass_blur,55.846000000000004,54.888,0.9580000000000055
cutmix,43,impulse_noise,51.489999999999995,55.738,-4.248000000000005
cutmix,43,jpeg_compression,74.022,79.588,-5.565999999999988
cutmix,43,motion_blur,78.97999999999999,77.24600000000001,1.7339999999999804
cutmix,43,pixelate,67.478,74.26599999999999,-6.787999999999997
cutmix,43,shot_noise,40.436,58.69200000000001,-18.256000000000007
cutmix,43,snow,85.686,81.912,3.774000000000001
cutmix,43,zoom_blur,75.642,78.272,-2.6300000000000097
cutmix,44,brightness,94.306,93.428,0.8780000000000001
cutmix,44,contrast,81.35,77.134,4.215999999999994
cutmix,44,defocus_blur,79.398,82.40599999999999,-3.0079999999999956
cutmix,44,elastic_transform,83.97200000000001,84.642,-0.6699999999999875
cutmix,44,fog,89.09,88.9,0.18999999999999773
cutmix,44,frost,79.104,78.15,0.9539999999999935
cutmix,44,gaussian_noise,32.608,42.536,-9.928000000000004
cutmix,44,glass_blur,58.75,54.342,4.408000000000001
cutmix,44,impulse_noise,51.564,50.275999999999996,1.2880000000000038
cutmix,44,jpeg_compression,72.83200000000001,79.588,-6.755999999999986
cutmix,44,motion_blur,78.002,78.386,-0.38400000000000034
cutmix,44,pixelate,71.026,75.16799999999999,-4.141999999999996
cutmix,44,shot_noise,44.222,55.45399999999999,-11.231999999999992
cutmix,44,snow,85.942,82.57000000000001,3.3719999999999857
cutmix,44,zoom_blur,72.42999999999999,77.462,-5.032000000000011
mixup,42,brightness,93.896,92.694,1.2019999999999982
mixup,42,contrast,86.436,75.692,10.744000000000014
mixup,42,defocus_blur,86.206,82.34200000000001,3.86399999999999
mixup,42,elastic_transform,86.35,84.262,2.087999999999994
mixup,42,fog,89.736,87.458,2.278000000000006
mixup,42,frost,88.602,74.96000000000001,13.641999999999996
mixup,42,gaussian_noise,54.294000000000004,48.376,5.918000000000006
mixup,42,glass_blur,68.54400000000001,53.010000000000005,15.534000000000006
mixup,42,impulse_noise,53.217999999999996,55.146,-1.9280000000000044
mixup,42,jpeg_compression,81.43199999999999,79.49600000000001,1.9359999999999786
mixup,42,motion_blur,81.902,78.866,3.0360000000000014
mixup,42,pixelate,80.306,75.888,4.417999999999992
mixup,42,shot_noise,66.502,60.116,6.385999999999996
mixup,42,snow,87.938,80.612,7.326000000000008
mixup,42,zoom_blur,81.116,77.07000000000001,4.045999999999992
mixup,43,brightness,94.148,92.944,1.2039999999999935
mixup,43,contrast,85.688,76.408,9.280000000000001
mixup,43,defocus_blur,86.66,82.534,4.125999999999991
mixup,43,elastic_transform,87.38,84.346,3.033999999999992
mixup,43,fog,90.152,87.664,2.4879999999999995
mixup,43,frost,86.812,76.848,9.963999999999999
mixup,43,gaussian_noise,46.524,46.562,-0.0379999999999967
mixup,43,glass_blur,68.878,54.888,13.990000000000002
mixup,43,impulse_noise,49.578,55.738,-6.159999999999997
mixup,43,jpeg_compression,80.848,79.588,1.2600000000000051
mixup,43,motion_blur,83.398,77.24600000000001,6.151999999999987
mixup,43,pixelate,78.866,74.26599999999999,4.6000000000000085
mixup,43,shot_noise,60.3,58.69200000000001,1.6079999999999899
mixup,43,snow,86.94,81.912,5.027999999999992
mixup,43,zoom_blur,82.142,78.272,3.8699999999999903
mixup,44,brightness,93.538,93.428,0.10999999999999943
mixup,44,contrast,86.88199999999999,77.134,9.74799999999999
mixup,44,defocus_blur,87.562,82.40599999999999,5.156000000000006
mixup,44,elastic_transform,86.79400000000001,84.642,2.1520000000000152
mixup,44,fog,89.572,88.9,0.671999999999997
mixup,44,frost,86.138,78.15,7.9879999999999995
mixup,44,gaussian_noise,55.608000000000004,42.536,13.072000000000003
mixup,44,glass_blur,62.472,54.342,8.130000000000003
mixup,44,impulse_noise,50.65,50.275999999999996,0.37400000000000233
mixup,44,jpeg_compression,81.348,79.588,1.7600000000000051
mixup,44,motion_blur,83.17,78.386,4.784000000000006
mixup,44,pixelate,79.218,75.16799999999999,4.050000000000011
mixup,44,shot_noise,66.644,55.45399999999999,11.190000000000012
mixup,44,snow,86.82000000000001,82.57000000000001,4.25
mixup,44,zoom_blur,82.868,77.462,5.405999999999992
randaugment,42,brightness,94.188,92.694,1.4939999999999998
randaugment,42,contrast,85.44,75.692,9.748000000000005
randaugment,42,defocus_blur,84.836,82.34200000000001,2.4939999999999856
randaugment,42,elastic_transform,86.906,84.262,2.6440000000000055
randaugment,42,fog,90.072,87.458,2.6140000000000043
randaugment,42,frost,84.80799999999999,74.96000000000001,9.847999999999985
randaugment,42,gaussian_noise,56.01800000000001,48.376,7.64200000000001
randaugment,42,glass_blur,72.25399999999999,53.010000000000005,19.243999999999986
randaugment,42,impulse_noise,84.58,55.146,29.433999999999997
randaugment,42,jpeg_compression,83.974,79.49600000000001,4.477999999999994
randaugment,42,motion_blur,82.22,78.866,3.353999999999999
randaugment,42,pixelate,76.582,75.888,0.6939999999999884
randaugment,42,shot_noise,66.686,60.116,6.570000000000007
randaugment,42,snow,86.786,80.612,6.174000000000007
randaugment,42,zoom_blur,82.736,77.07000000000001,5.665999999999997
randaugment,43,brightness,94.35799999999999,92.944,1.4139999999999873
randaugment,43,contrast,85.15,76.408,8.742000000000004
randaugment,43,defocus_blur,86.28999999999999,82.534,3.755999999999986
randaugment,43,elastic_transform,86.89,84.346,2.543999999999997
randaugment,43,fog,90.1,87.664,2.435999999999993
randaugment,43,frost,84.73400000000001,76.848,7.88600000000001
randaugment,43,gaussian_noise,56.246,46.562,9.684000000000005
randaugment,43,glass_blur,72.454,54.888,17.565999999999995
randaugment,43,impulse_noise,83.356,55.738,27.617999999999995
randaugment,43,jpeg_compression,83.092,79.588,3.504000000000005
randaugment,43,motion_blur,81.25,77.24600000000001,4.003999999999991
randaugment,43,pixelate,73.916,74.26599999999999,-0.3499999999999943
randaugment,43,shot_noise,67.74199999999999,58.69200000000001,9.049999999999983
randaugment,43,snow,86.464,81.912,4.5519999999999925
randaugment,43,zoom_blur,84.112,78.272,5.839999999999989
randaugment,44,brightness,94.458,93.428,1.0300000000000011
randaugment,44,contrast,87.112,77.134,9.977999999999994
randaugment,44,defocus_blur,85.15599999999999,82.40599999999999,2.75
randaugment,44,elastic_transform,86.79400000000001,84.642,2.1520000000000152
randaugment,44,fog,90.518,88.9,1.617999999999995
randaugment,44,frost,86.26599999999999,78.15,8.115999999999985
randaugment,44,gaussian_noise,58.474000000000004,42.536,15.938000000000002
randaugment,44,glass_blur,72.2,54.342,17.858000000000004
randaugment,44,impulse_noise,83.91,50.275999999999996,33.634
randaugment,44,jpeg_compression,84.268,79.588,4.680000000000007
randaugment,44,motion_blur,81.59400000000001,78.386,3.2080000000000126
randaugment,44,pixelate,76.078,75.16799999999999,0.9100000000000108
randaugment,44,shot_noise,69.15599999999999,55.45399999999999,13.701999999999998
randaugment,44,snow,87.35,82.57000000000001,4.779999999999987
randaugment,44,zoom_blur,82.438,77.462,4.975999999999999
